2026-03-16 20:09:35,0D11B4,XA-MXB,23.4502,-99.1622,37000.0
2026-03-16 20:09:35,0D06E5,XA-ACM,18.8950,-99.1572,17700.0
2026-03-16 20:09:35,05D31E,N/A,23.3034,-99.1231,43000.0
2026-03-16 20:09:35,0D1146,XA-VMB,23.2847,-98.6289,37500.0
2026-03-16 20:09:35,0D081C,XA-VLD,18.7770,-98.5600,36000.0
2026-03-16 20:09:35,0C210E,HP-9913CMP,19.1320,-98.2061,34000.0
2026-03-16 20:09:35,0D03F4,XA-EAC,20.0259,-98.1675,30075.0
2026-03-16 20:09:35,0D0DE2,XA-JSO,19.6474,-98.1009,25000.0
2026-03-16 20:09:35,42441F,VQ-BBM,22.9097,-97.8683,41000.0
2026-03-16 20:09:35,A5CF66,N47357,20.1334,-97.8483,32550.0
2026-03-16 20:09:35,AA8A8A,N779AV,20.1067,-97.5925,34050.0
2026-03-16 20:09:35,A6B60A,N531VL,20.3084,-97.3326,36000.0
2026-03-16 20:09:35,0D0934,XA-VAK,19.7543,-96.3084,18775.0
2026-03-16 20:09:35,ACB46D,N918AK,19.3544,-96.1196,34000.0
2026-03-16 20:09:35,0C218D,HP-9932CMP,20.1221,-95.7039,34000.0
2026-03-16 20:09:35,0D0E29,XA-DAO,20.8718,-95.1893,38975.0
2026-03-16 20:09:35,0D09D4,XA-COS,21.0465,-95.1483,41000.0
2026-03-16 20:09:35,0D0AF7,XA-MAO,19.0298,-95.0797,40000.0
2026-03-16 20:10:02,0D11B4,XA-MXB,23.5021,-99.1699,37000.0
2026-03-16 20:10:02,05D31E,N/A,23.2566,-99.1422,43000.0
2026-03-16 20:10:02,0D06E5,XA-ACM,18.8836,-99.1307,17700.0
2026-03-16 20:10:02,0D081C,XA-VLD,18.7886,-98.6047,36050.0
2026-03-16 20:10:02,0D1146,XA-VMB,23.2393,-98.5927,37100.0
2026-03-16 20:10:02,0C210E,HP-9913CMP,19.1411,-98.2578,34000.0
2026-03-16 20:10:02,0D03F4,XA-EAC,20.0145,-98.2172,30000.0
2026-03-16 20:10:02,0D0DE2,XA-JSO,19.6527,-98.0509,25000.0
2026-03-16 20:10:02,A5CF66,N47357,20.1022,-97.8886,32125.0
2026-03-16 20:10:02,42441F,VQ-BBM,22.9762,-97.8478,41000.0
2026-03-16 20:10:02,AA8A8A,N779AV,20.1472,-97.6279,34050.0
2026-03-16 20:10:02,A6B60A,N531VL,20.3411,-97.3718,36000.0
2026-03-16 20:10:02,0D0934,XA-VAK,19.7890,-96.3273,19625.0
2026-03-16 20:10:02,ACB46D,N918AK,19.3965,-96.1510,34000.0
2026-03-16 20:10:02,0C218D,HP-9932CMP,20.1523,-95.7465,34000.0
2026-03-16 20:10:02,0D0E29,XA-DAO,20.9066,-95.1368,38975.0
2026-03-16 20:10:02,0D0AF7,XA-MAO,19.0347,-95.1269,40000.0
2026-03-16 20:10:02,0D09D4,XA-COS,21.0783,-95.0908,41000.0
2026-03-16 20:10:32,0D11B4,XA-MXB,23.5619,-99.1787,37000.0
2026-03-16 20:10:32,05D31E,N/A,23.2025,-99.1641,43000.0
2026-03-16 20:10:32,0D06E5,XA-ACM,18.8753,-99.0809,17675.0
2026-03-16 20:10:32,0D081C,XA-VLD,18.8025,-98.6579,36050.0
2026-03-16 20:10:32,0D1146,XA-VMB,23.1875,-98.5514,37000.0
2026-03-16 20:10:32,0C210E,HP-9913CMP,19.1519,-98.3190,34000.0
2026-03-16 20:10:32,0D03F4,XA-EAC,20.0100,-98.2401,30000.0
2026-03-16 20:10:32,0D0DE2,XA-JSO,19.6582,-97.9930,25000.0
2026-03-16 20:10:32,A5CF66,N47357,20.0851,-97.9460,31650.0
2026-03-16 20:10:32,42441F,VQ-BBM,23.0162,-97.8354,41000.0
2026-03-16 20:10:32,AA8A8A,N779AV,20.1945,-97.6693,34050.0
2026-03-16 20:10:32,A6B60A,N531VL,20.3789,-97.4170,36000.0
2026-03-16 20:10:32,0D0934,XA-VAK,19.8307,-96.3498,20375.0
2026-03-16 20:10:32,ACB46D,N918AK,19.4446,-96.1867,34000.0
2026-03-16 20:10:32,0C218D,HP-9932CMP,20.1879,-95.7967,34000.0
2026-03-16 20:10:32,0D0AF7,XA-MAO,19.0406,-95.1822,40000.0
2026-03-16 20:10:32,0D0E29,XA-DAO,20.9473,-95.0752,38975.0
2026-03-16 20:10:32,0D09F7,XA-VIB,20.7510,-94.9305,38000.0
2026-03-16 20:11:02,A69242,N522VL,19.4435,-100.6367,31975.0
2026-03-16 20:11:02,05D31E,N/A,23.1511,-99.1849,43000.0
2026-03-16 20:11:02,0D06E5,XA-ACM,18.8926,-99.0444,17700.0
2026-03-16 20:11:02,0D09A4,XA-LAU,23.5340,-99.0294,40000.0
2026-03-16 20:11:02,0D081C,XA-VLD,18.8158,-98.7088,36025.0
2026-03-16 20:11:02,0D1146,XA-VMB,23.1353,-98.5099,37000.0
2026-03-16 20:11:02,0C210E,HP-9913CMP,19.1624,-98.3792,34000.0
2026-03-16 20:11:02,0D03F4,XA-EAC,20.0100,-98.2401,30000.0
2026-03-16 20:11:02,A5CF66,N47357,20.0686,-98.0058,31150.0
2026-03-16 20:11:02,0D0DE2,XA-JSO,19.6549,-97.9346,25000.0
2026-03-16 20:11:02,42441F,VQ-BBM,23.0162,-97.8354,41000.0
2026-03-16 20:11:02,AA8A8A,N779AV,20.2411,-97.7103,34050.0
2026-03-16 20:11:02,A6B60A,N531VL,20.4143,-97.4596,36000.0
2026-03-16 20:11:02,0D0934,XA-VAK,19.8738,-96.3724,21225.0
2026-03-16 20:11:02,ACB46D,N918AK,19.4937,-96.2232,34000.0
2026-03-16 20:11:02,0C218D,HP-9932CMP,20.2229,-95.8459,34000.0
2026-03-16 20:11:02,0D0AF7,XA-MAO,19.0464,-95.2372,40000.0
2026-03-16 20:11:02,0D0E29,XA-DAO,20.9873,-95.0146,38975.0
2026-03-16 20:11:02,0D09F7,XA-VIB,20.7460,-94.9855,38000.0
2026-03-16 20:11:32,A69242,N522VL,19.4435,-100.6367,31975.0
2026-03-16 20:11:32,0D09A5,XA-ALL,19.3273,-99.3601,25675.0
2026-03-16 20:11:32,05D31E,N/A,23.0935,-99.2082,43000.0
2026-03-16 20:11:32,0D09A4,XA-LAU,23.4825,-99.0505,40000.0
2026-03-16 20:11:32,0D06E5,XA-ACM,18.9298,-99.0327,17275.0
2026-03-16 20:11:32,0D081C,XA-VLD,18.8295,-98.7615,36025.0
2026-03-16 20:11:32,0D1146,XA-VMB,23.0836,-98.4687,37000.0
2026-03-16 20:11:32,0C210E,HP-9913CMP,19.1716,-98.4399,34000.0
2026-03-16 20:11:32,A5CF66,N47357,20.0531,-98.0633,30675.0
2026-03-16 20:11:32,0D0DE2,XA-JSO,19.6466,-97.8761,25000.0
2026-03-16 20:11:32,42441F,VQ-BBM,23.1681,-97.7890,41000.0
2026-03-16 20:11:32,AA8A8A,N779AV,20.2873,-97.7509,34025.0
2026-03-16 20:11:32,A6B60A,N531VL,20.4543,-97.5075,35975.0
2026-03-16 20:11:32,A43EA7,N37278,21.1611,-97.1265,38000.0
2026-03-16 20:11:32,0D0934,XA-VAK,19.9176,-96.3948,21975.0
2026-03-16 20:11:32,ACB46D,N918AK,19.5425,-96.2596,34000.0
2026-03-16 20:11:32,0C218D,HP-9932CMP,20.2580,-95.8953,34000.0
2026-03-16 20:11:32,0D0AF7,XA-MAO,19.0521,-95.2922,40000.0
2026-03-16 20:11:32,0D09F7,XA-VIB,20.7365,-95.0394,38000.0
2026-03-16 20:12:02,A69242,N522VL,19.4869,-100.7913,32000.0
2026-03-16 20:12:02,0D09A5,XA-ALL,19.3258,-99.3734,26025.0
2026-03-16 20:12:02,05D31E,N/A,23.0408,-99.2296,43000.0
2026-03-16 20:12:02,0D09A4,XA-LAU,23.4320,-99.0709,40000.0
2026-03-16 20:12:02,0D06E5,XA-ACM,18.9675,-99.0296,16725.0
2026-03-16 20:12:02,0D081C,XA-VLD,18.8432,-98.8140,35975.0
2026-03-16 20:12:02,0C210E,HP-9913CMP,19.1802,-98.5012,34000.0
2026-03-16 20:12:02,0D1146,XA-VMB,23.0331,-98.4285,37000.0
2026-03-16 20:12:02,A5CF66,N47357,20.0368,-98.1242,30200.0
2026-03-16 20:12:02,0D0DE2,XA-JSO,19.6277,-97.8221,25000.0
2026-03-16 20:12:02,AA8A8A,N779AV,20.3329,-97.7910,33975.0
2026-03-16 20:12:02,42441F,VQ-BBM,23.2164,-97.7784,41000.0
2026-03-16 20:12:02,A6B60A,N531VL,20.4916,-97.5524,35950.0
2026-03-16 20:12:02,A43EA7,N37278,21.1092,-97.1571,38000.0
2026-03-16 20:12:02,0D0A4C,XA-AEC,17.4335,-97.1128,39000.0
2026-03-16 20:12:02,0D0934,XA-VAK,19.9639,-96.4181,22000.0
2026-03-16 20:12:02,ACB46D,N918AK,19.5910,-96.2957,34000.0
2026-03-16 20:12:02,0C218D,HP-9932CMP,20.2927,-95.9443,34000.0
2026-03-16 20:12:02,0D0AF7,XA-MAO,19.0577,-95.3470,40000.0
2026-03-16 20:12:02,0D09F7,XA-VIB,20.7252,-95.0927,38000.0
2026-03-16 20:12:32,A69242,N522VL,19.4869,-100.7913,32000.0
2026-03-16 20:12:32,0D0380,XA-AAC,19.3700,-99.6695,24000.0
2026-03-16 20:12:32,0D09A5,XA-ALL,19.3360,-99.4389,26025.0
2026-03-16 20:12:32,05D31E,N/A,22.9856,-99.2519,43000.0
2026-03-16 20:12:32,0D09A4,XA-LAU,23.3801,-99.0921,40000.0
2026-03-16 20:12:32,0D06E5,XA-ACM,18.9789,-99.0286,16575.0
2026-03-16 20:12:32,0D081C,XA-VLD,18.8565,-98.8656,35975.0
2026-03-16 20:12:32,0C210E,HP-9913CMP,19.1888,-98.5609,34000.0
2026-03-16 20:12:32,0D1146,XA-VMB,22.9795,-98.3860,37000.0
2026-03-16 20:12:32,A5CF66,N47357,20.0211,-98.1832,29975.0
2026-03-16 20:12:32,AA8A8A,N779AV,20.3791,-97.8319,33950.0
2026-03-16 20:12:32,0D0DE2,XA-JSO,19.6071,-97.7681,25000.0
2026-03-16 20:12:32,42441F,VQ-BBM,23.3106,-97.7675,41000.0
2026-03-16 20:12:32,A6B60A,N531VL,20.5288,-97.5971,36000.0
2026-03-16 20:12:32,A43EA7,N37278,21.0587,-97.1868,38000.0
2026-03-16 20:12:32,0D0A4C,XA-AEC,17.3961,-97.0392,39000.0
2026-03-16 20:12:32,0D0934,XA-VAK,20.0135,-96.4395,22000.0
2026-03-16 20:12:32,ACB46D,N918AK,19.6400,-96.3322,34000.0
2026-03-16 20:12:32,0C218D,HP-9932CMP,20.3278,-95.9939,34000.0
2026-03-16 20:12:32,0D0AF7,XA-MAO,19.0633,-95.4010,40000.0
2026-03-16 20:12:32,0D09F7,XA-VIB,20.7139,-95.1464,38000.0
2026-03-16 20:13:02,A69242,N522VL,19.4869,-100.7913,32000.0
2026-03-16 20:13:02,0D0380,XA-AAC,19.3675,-99.7267,24000.0
2026-03-16 20:13:02,0D09A5,XA-ALL,19.3360,-99.4389,26025.0
2026-03-16 20:13:02,05D31E,N/A,22.9315,-99.2738,43000.0
2026-03-16 20:13:02,0D09A4,XA-LAU,23.3298,-99.1127,40000.0
2026-03-16 20:13:02,0D06E5,XA-ACM,18.9789,-99.0286,16575.0
2026-03-16 20:13:02,0D081C,XA-VLD,18.8702,-98.9183,36000.0
2026-03-16 20:13:02,0C210E,HP-9913CMP,19.1979,-98.6228,34000.0
2026-03-16 20:13:02,0D1146,XA-VMB,22.9282,-98.3453,37025.0
2026-03-16 20:13:02,A5CF66,N47357,20.0189,-98.1933,30000.0
2026-03-16 20:13:02,AA8A8A,N779AV,20.4233,-97.8707,33950.0
2026-03-16 20:13:02,0D0DE2,XA-JSO,19.5875,-97.7148,25000.0
2026-03-16 20:13:02,A6B60A,N531VL,20.5657,-97.6415,36000.0
2026-03-16 20:13:02,A43EA7,N37278,21.0094,-97.2159,38000.0
2026-03-16 20:13:02,0D0A4C,XA-AEC,17.3616,-96.9677,39000.0
2026-03-16 20:13:02,0D0934,XA-VAK,20.0652,-96.4556,22000.0
2026-03-16 20:13:02,ACB46D,N918AK,19.6884,-96.3682,34000.0
2026-03-16 20:13:02,0C218D,HP-9932CMP,20.3619,-96.0424,34000.0
2026-03-16 20:13:02,0D0AF7,XA-MAO,19.0690,-95.4558,40000.0
2026-03-16 20:13:02,0D09F7,XA-VIB,20.7025,-95.2001,38000.0
2026-03-16 20:13:32,0D0380,XA-AAC,19.3650,-99.7838,24000.0
2026-03-16 20:13:32,05D31E,N/A,22.8781,-99.2954,43000.0
2026-03-16 20:13:32,0D09A4,XA-LAU,23.2787,-99.1333,40000.0
2026-03-16 20:13:32,0D081C,XA-VLD,18.8837,-98.9704,36025.0
2026-03-16 20:13:32,0C210E,HP-9913CMP,19.2070,-98.6843,34000.0
2026-03-16 20:13:32,0D1146,XA-VMB,22.8904,-98.3154,37000.0
2026-03-16 20:13:32,A5CF66,N47357,20.0189,-98.1933,30000.0
2026-03-16 20:13:32,AA8A8A,N779AV,20.4400,-97.8855,33950.0
2026-03-16 20:13:32,A6B60A,N531VL,20.6014,-97.6844,36000.0
2026-03-16 20:13:32,0D0DE2,XA-JSO,19.5680,-97.6618,25000.0
2026-03-16 20:13:32,A43EA7,N37278,20.9581,-97.2458,38000.0
2026-03-16 20:13:32,0D0A4C,XA-AEC,17.3295,-96.9002,39000.0
2026-03-16 20:13:32,0D0934,XA-VAK,20.1174,-96.4709,22000.0
2026-03-16 20:13:32,ACB46D,N918AK,19.7377,-96.4051,34000.0
2026-03-16 20:13:32,0C218D,HP-9932CMP,20.3964,-96.0913,34000.0
2026-03-16 20:13:32,0D0AF7,XA-MAO,19.0746,-95.5104,40000.0
2026-03-16 20:13:32,0D09F7,XA-VIB,20.6912,-95.2535,37975.0
2026-03-16 20:14:02,0D0380,XA-AAC,19.3678,-99.8363,24000.0
2026-03-16 20:14:02,0D09A5,XA-ALL,19.3804,-99.6196,26000.0
2026-03-16 20:14:02,05D31E,N/A,22.8238,-99.3173,43000.0
2026-03-16 20:14:02,0D09A4,XA-LAU,23.2278,-99.1541,40000.0
2026-03-16 20:14:02,0D081C,XA-VLD,18.8974,-99.0235,36050.0
2026-03-16 20:14:02,0C210E,HP-9913CMP,19.2160,-98.7454,34000.0
2026-03-16 20:14:02,0D1146,XA-VMB,22.8264,-98.2646,37000.0
2026-03-16 20:14:02,AA8A8A,N779AV,20.4778,-97.9189,34000.0
2026-03-16 20:14:02,A6B60A,N531VL,20.6190,-97.7057,36000.0
2026-03-16 20:14:02,0D0DE2,XA-JSO,19.5488,-97.6097,25000.0
2026-03-16 20:14:02,A43EA7,N37278,20.9082,-97.2750,38000.0
2026-03-16 20:14:02,0D0A4C,XA-AEC,17.2982,-96.8340,39000.0
2026-03-16 20:14:02,0D0934,XA-VAK,20.1679,-96.4854,22350.0
2026-03-16 20:14:02,ACB46D,N918AK,19.7868,-96.4419,34000.0
2026-03-16 20:14:02,0C218D,HP-9932CMP,20.4303,-96.1393,34000.0
2026-03-16 20:14:02,0D0AF7,XA-MAO,19.0802,-95.5645,40000.0
2026-03-16 20:14:02,0D09F7,XA-VIB,20.6799,-95.3070,38000.0
2026-03-16 20:14:33,0D0380,XA-AAC,19.3874,-99.8874,24000.0
2026-03-16 20:14:33,A8B474,N660CJ,19.2243,-99.6884,18825.0
2026-03-16 20:14:33,0D09A5,XA-ALL,19.3782,-99.6703,26000.0
2026-03-16 20:14:33,05D31E,N/A,22.7701,-99.3390,43000.0
2026-03-16 20:14:33,0D09A4,XA-LAU,23.1766,-99.1750,40000.0
2026-03-16 20:14:33,0D081C,XA-VLD,18.9106,-99.0746,36025.0
2026-03-16 20:14:33,0C210E,HP-9913CMP,19.2248,-98.8057,34000.0
2026-03-16 20:14:33,0D1146,XA-VMB,22.7934,-98.2385,37000.0
2026-03-16 20:14:33,AA8A8A,N779AV,20.5557,-97.9876,34050.0
2026-03-16 20:14:33,A6B60A,N531VL,20.6758,-97.7743,36000.0
2026-03-16 20:14:33,0D0DE2,XA-JSO,19.5292,-97.5568,25000.0
2026-03-16 20:14:33,A43EA7,N37278,20.8569,-97.3052,38000.0
2026-03-16 20:14:33,0D0A4C,XA-AEC,17.2643,-96.7626,39000.0
2026-03-16 20:14:33,AC2BD5,N88331,21.0563,-96.7332,33000.0
2026-03-16 20:14:33,0D0934,XA-VAK,20.2166,-96.5017,23575.0
2026-03-16 20:14:33,ACB46D,N918AK,19.8354,-96.4782,34000.0
2026-03-16 20:14:33,0C218D,HP-9932CMP,20.4641,-96.1873,34000.0
2026-03-16 20:14:33,0D0AF7,XA-MAO,19.0858,-95.6189,40000.0
2026-03-16 20:14:33,0D09F7,XA-VIB,20.6685,-95.3601,38000.0
2026-03-16 20:16:02,0D09A5,XA-ALL,19.3735,-99.8335,26000.0
2026-03-16 20:16:02,A8B474,N660CJ,19.2646,-99.8302,20000.0
2026-03-16 20:16:02,0D09BD,XA-VLS,23.4327,-99.8264,34000.0
2026-03-16 20:16:02,05D31E,N/A,22.6417,-99.3907,43000.0
2026-03-16 20:16:02,0D09A4,XA-LAU,23.0258,-99.2362,40000.0
2026-03-16 20:16:02,0D081C,XA-VLD,18.9512,-99.2319,36000.0
2026-03-16 20:16:02,0C210E,HP-9913CMP,19.2543,-98.9879,34000.0
2026-03-16 20:16:02,0D0EC2,XA-VYE,22.5043,-98.9667,37000.0
2026-03-16 20:16:02,0D09B9,XA-ALP,20.3626,-98.1214,28000.0
2026-03-16 20:16:02,AA8A8A,N779AV,20.6231,-98.0471,34050.0
2026-03-16 20:16:02,A6B60A,N531VL,20.7293,-97.8390,36000.0
2026-03-16 20:16:02,0D0DE2,XA-JSO,19.4705,-97.3985,25000.0
2026-03-16 20:16:02,A43EA7,N37278,20.7046,-97.3940,38000.0
2026-03-16 20:16:02,AC2BD5,N88331,20.8678,-96.6968,33000.0
2026-03-16 20:16:02,0D0A4C,XA-AEC,17.1851,-96.5957,39000.0
2026-03-16 20:16:02,ACB46D,N918AK,19.9826,-96.5884,34000.0
2026-03-16 20:16:02,0D0934,XA-VAK,20.3475,-96.5887,25550.0
2026-03-16 20:16:02,0C218D,HP-9932CMP,20.5643,-96.3295,34000.0
2026-03-16 20:16:02,0D0AF7,XA-MAO,19.1029,-95.7809,40000.0
2026-03-16 20:16:02,0D09F7,XA-VIB,20.6345,-95.5196,38000.0
2026-03-16 20:16:32,0D0380,XA-AAC,19.4912,-100.0875,24000.0
2026-03-16 20:16:32,0D09A5,XA-ALL,19.3892,-99.8849,26000.0
2026-03-16 20:16:32,A8B474,N660CJ,19.2777,-99.8778,20000.0
2026-03-16 20:16:32,0D09BD,XA-VLS,23.3690,-99.8190,34000.0
2026-03-16 20:16:32,05D31E,N/A,22.6417,-99.3907,43000.0
2026-03-16 20:16:32,0D081C,XA-VLD,18.9645,-99.2839,36050.0
2026-03-16 20:16:32,0D09A4,XA-LAU,22.9736,-99.2573,40000.0
2026-03-16 20:16:32,0C210E,HP-9913CMP,19.2557,-98.9924,34000.0
2026-03-16 20:16:32,0D0EC2,XA-VYE,22.5695,-98.9634,37000.0
2026-03-16 20:16:32,0D09B9,XA-ALP,20.3207,-98.1291,28000.0
2026-03-16 20:16:32,A43EA7,N37278,20.6529,-97.4244,38000.0
2026-03-16 20:16:32,0D0DE2,XA-JSO,19.4506,-97.3453,24975.0
2026-03-16 20:16:32,AC2BD5,N88331,20.8149,-96.6866,33000.0
2026-03-16 20:16:32,0D0934,XA-VAK,20.3841,-96.6270,26000.0
2026-03-16 20:16:32,ACB46D,N918AK,20.0310,-96.6247,34000.0
2026-03-16 20:16:32,0D0A4C,XA-AEC,17.1851,-96.5957,39000.0
2026-03-16 20:16:32,0C218D,HP-9932CMP,20.5996,-96.3797,34000.0
2026-03-16 20:16:32,0D0AF7,XA-MAO,19.1082,-95.8351,40000.0
2026-03-16 20:16:32,0D09F7,XA-VIB,20.6233,-95.5722,38000.0
2026-03-16 20:17:02,0D0380,XA-AAC,19.4912,-100.0875,24000.0
2026-03-16 20:17:02,A8B474,N660CJ,19.2900,-99.9208,20000.0
2026-03-16 20:17:02,0D09A5,XA-ALL,19.3892,-99.8849,26000.0
2026-03-16 20:17:02,0D09BD,XA-VLS,23.3047,-99.8115,34000.0
2026-03-16 20:17:02,0D081C,XA-VLD,18.9779,-99.3360,36025.0
2026-03-16 20:17:02,0D09A4,XA-LAU,22.9220,-99.2780,40000.0
2026-03-16 20:17:02,0C210E,HP-9913CMP,19.2557,-98.9924,34000.0
2026-03-16 20:17:02,0D0EC2,XA-VYE,22.6337,-98.9600,37000.0
2026-03-16 20:17:02,0D09B9,XA-ALP,20.2581,-98.1406,28000.0
2026-03-16 20:17:02,A43EA7,N37278,20.6046,-97.4572,38000.0
2026-03-16 20:17:02,0D0DE2,XA-JSO,19.4303,-97.2911,24275.0
2026-03-16 20:17:02,0D0934,XA-VAK,20.3979,-96.6792,26000.0
2026-03-16 20:17:02,AC2BD5,N88331,20.7461,-96.6733,33000.0
2026-03-16 20:17:02,ACB46D,N918AK,20.0800,-96.6616,34000.0
2026-03-16 20:17:02,0D0A4C,XA-AEC,17.1058,-96.4289,39000.0
2026-03-16 20:17:02,0C218D,HP-9932CMP,20.6333,-96.4276,34000.0
2026-03-16 20:17:02,0D0AF7,XA-MAO,19.1133,-95.8889,40000.0
2026-03-16 20:17:02,0D09F7,XA-VIB,20.6118,-95.6251,38000.0
2026-03-16 20:17:32,0D09A5,XA-ALL,19.4276,-99.9865,26000.0
2026-03-16 20:17:32,A8B474,N660CJ,19.2900,-99.9208,20000.0
2026-03-16 20:17:32,0D09BD,XA-VLS,23.2403,-99.8041,33975.0
2026-03-16 20:17:32,0D081C,XA-VLD,18.9910,-99.3867,36000.0
2026-03-16 20:17:32,0D09A4,XA-LAU,22.8716,-99.2985,40000.0
2026-03-16 20:17:32,0D0EC2,XA-VYE,22.6969,-98.9568,37000.0
2026-03-16 20:17:32,0D09B9,XA-ALP,20.2197,-98.1477,28000.0
2026-03-16 20:17:32,A6B60A,N531VL,20.8719,-98.0115,35950.0
2026-03-16 20:17:32,A43EA7,N37278,20.5660,-97.4994,38000.0
2026-03-16 20:17:32,0D0DE2,XA-JSO,19.4106,-97.2379,23475.0
2026-03-16 20:17:32,0D0934,XA-VAK,20.3902,-96.7364,26000.0
2026-03-16 20:17:32,ACB46D,N918AK,20.1285,-96.6982,34000.0
2026-03-16 20:17:32,AC2BD5,N88331,20.6819,-96.6610,33000.0
2026-03-16 20:17:32,0C218D,HP-9932CMP,20.6664,-96.4747,34000.0
2026-03-16 20:17:32,0D0A4C,XA-AEC,17.0693,-96.3523,39000.0
2026-03-16 20:17:32,0D0AF7,XA-MAO,19.1186,-95.9430,40000.0
2026-03-16 20:17:32,0D09F7,XA-VIB,20.6003,-95.6792,38000.0
2026-03-16 20:18:02,A8B474,N660CJ,19.3474,-99.9975,20000.0
2026-03-16 20:18:02,0D09A5,XA-ALL,19.4276,-99.9865,26000.0
2026-03-16 20:18:02,0D09BD,XA-VLS,23.1765,-99.7967,33975.0
2026-03-16 20:18:02,0D081C,XA-VLD,19.0045,-99.4396,35975.0
2026-03-16 20:18:02,0D09A4,XA-LAU,22.8198,-99.3195,40000.0
2026-03-16 20:18:02,0D0EC2,XA-VYE,22.7607,-98.9533,37000.0
2026-03-16 20:18:02,0D09B9,XA-ALP,20.2197,-98.1477,28000.0
2026-03-16 20:18:02,A6B60A,N531VL,20.8719,-98.0115,35950.0
2026-03-16 20:18:02,A43EA7,N37278,20.5291,-97.5456,38000.0
2026-03-16 20:18:02,0D0DE2,XA-JSO,19.3910,-97.1856,22675.0
2026-03-16 20:18:02,0D0934,XA-VAK,20.3807,-96.7944,26000.0
2026-03-16 20:18:02,ACB46D,N918AK,20.1768,-96.7350,34000.0
2026-03-16 20:18:02,AC2BD5,N88331,20.6215,-96.6494,33000.0
2026-03-16 20:18:02,0C218D,HP-9932CMP,20.7013,-96.5249,34000.0
2026-03-16 20:18:02,0D0A4C,XA-AEC,17.0384,-96.2876,39000.0
2026-03-16 20:18:02,0D0AF7,XA-MAO,19.1240,-95.9968,40000.0
2026-03-16 20:18:02,0D09F7,XA-VIB,20.5890,-95.7318,38000.0
2026-03-16 20:18:32,0D09A5,XA-ALL,19.4618,-100.0755,26000.0
2026-03-16 20:18:32,A8B474,N660CJ,19.3584,-100.0098,20000.0
2026-03-16 20:18:32,0D09BD,XA-VLS,23.1118,-99.7892,33975.0
2026-03-16 20:18:32,0D081C,XA-VLD,19.0177,-99.4911,36000.0
2026-03-16 20:18:32,0D09A4,XA-LAU,22.7694,-99.3396,40000.0
2026-03-16 20:18:32,0C210E,HP-9913CMP,19.3561,-99.2719,34000.0
2026-03-16 20:18:32,0D0EC2,XA-VYE,22.8232,-98.9502,36975.0
2026-03-16 20:18:32,A43EA7,N37278,20.4934,-97.5908,38000.0
2026-03-16 20:18:32,0D0DE2,XA-JSO,19.3714,-97.1334,21875.0
2026-03-16 20:18:32,0D0934,XA-VAK,20.3712,-96.8520,26000.0
2026-03-16 20:18:32,ACB46D,N918AK,20.2199,-96.7784,33975.0
2026-03-16 20:18:32,AC2BD5,N88331,20.5611,-96.6378,33000.0
2026-03-16 20:18:32,0C218D,HP-9932CMP,20.7358,-96.5741,34000.0
2026-03-16 20:18:32,0D0A4C,XA-AEC,17.0109,-96.2300,39000.0
2026-03-16 20:18:32,0D0AF7,XA-MAO,19.1295,-96.0511,40000.0
2026-03-16 20:18:32,0D09F7,XA-VIB,20.5775,-95.7852,38025.0
2026-03-16 20:19:02,0D09A5,XA-ALL,19.4618,-100.0755,26000.0
2026-03-16 20:19:02,A8B474,N660CJ,19.3584,-100.0098,20000.0
2026-03-16 20:19:02,0D09BD,XA-VLS,23.0477,-99.7818,34000.0
2026-03-16 20:19:02,0D081C,XA-VLD,19.0306,-99.5419,36025.0
2026-03-16 20:19:02,0D09A4,XA-LAU,22.7176,-99.3607,40000.0
2026-03-16 20:19:02,0C210E,HP-9913CMP,19.3762,-99.3276,34000.0
2026-03-16 20:19:02,0D0EC2,XA-VYE,22.8882,-98.9467,36975.0
2026-03-16 20:19:02,39CF05,F-HTYF,23.4026,-97.9713,40000.0
2026-03-16 20:19:02,A43EA7,N37278,20.4581,-97.6352,38000.0
2026-03-16 20:19:02,0D0DE2,XA-JSO,19.3521,-97.0825,21075.0
2026-03-16 20:19:02,0D0934,XA-VAK,20.3616,-96.9104,26000.0
2026-03-16 20:19:02,ACB46D,N918AK,20.2600,-96.8240,34000.0
2026-03-16 20:19:02,AC2BD5,N88331,20.5000,-96.6261,33000.0
2026-03-16 20:19:02,0C218D,HP-9932CMP,20.7695,-96.6223,34000.0
2026-03-16 20:19:02,0D0A4C,XA-AEC,16.9884,-96.1829,39000.0
2026-03-16 20:19:02,0D0AF7,XA-MAO,19.1347,-96.1042,40000.0
2026-03-16 20:19:02,0D09F7,XA-VIB,20.5662,-95.8374,38000.0
2026-03-16 20:19:32,0D09BD,XA-VLS,23.0326,-99.7801,34000.0
2026-03-16 20:19:32,0D081C,XA-VLD,19.0442,-99.5949,36025.0
2026-03-16 20:19:32,0C210E,HP-9913CMP,19.3971,-99.3859,34000.0
2026-03-16 20:19:32,0D09A4,XA-LAU,22.6678,-99.3807,40000.0
2026-03-16 20:19:32,0D0EC2,XA-VYE,22.9526,-98.9433,37000.0
2026-03-16 20:19:32,39CF05,F-HTYF,23.3517,-97.9663,40000.0
2026-03-16 20:19:32,A43EA7,N37278,20.4234,-97.6789,38000.0
2026-03-16 20:19:32,0D0DE2,XA-JSO,19.3390,-97.0308,20275.0
2026-03-16 20:19:32,0D0934,XA-VAK,20.3523,-96.9677,26000.0
2026-03-16 20:19:32,ACB46D,N918AK,20.2999,-96.8695,34000.0
2026-03-16 20:19:32,0C218D,HP-9932CMP,20.7989,-96.6643,34000.0
2026-03-16 20:19:32,AC2BD5,N88331,20.4358,-96.6137,33000.0
2026-03-16 20:19:32,0D0AF7,XA-MAO,19.1398,-96.1561,40000.0
2026-03-16 20:19:32,0D0A4C,XA-AEC,16.9427,-96.0876,39000.0
2026-03-16 20:19:32,0D09F7,XA-VIB,20.5546,-95.8908,38000.0
2026-03-16 20:20:02,0D09BD,XA-VLS,23.0326,-99.7801,34000.0
2026-03-16 20:20:02,0D081C,XA-VLD,19.0572,-99.6459,35975.0
2026-03-16 20:20:02,0C210E,HP-9913CMP,19.4066,-99.4126,34000.0
2026-03-16 20:20:02,0D09A4,XA-LAU,22.6627,-99.3828,40000.0
2026-03-16 20:20:02,0D0EC2,XA-VYE,23.0171,-98.9400,37025.0
2026-03-16 20:20:02,346206,EC-NCK,19.2553,-98.8233,19275.0
2026-03-16 20:20:02,39CF05,F-HTYF,23.2695,-97.9610,40000.0
2026-03-16 20:20:02,A43EA7,N37278,20.3879,-97.7236,38000.0
2026-03-16 20:20:02,0D0934,XA-VAK,20.3427,-97.0262,26000.0
2026-03-16 20:20:02,0D0DE2,XA-JSO,19.3378,-96.9768,19500.0
2026-03-16 20:20:02,ACB46D,N918AK,20.3403,-96.9159,34000.0
2026-03-16 20:20:02,0C218D,HP-9932CMP,20.8365,-96.7179,34000.0
2026-03-16 20:20:02,AC2BD5,N88331,20.3746,-96.6019,33000.0
2026-03-16 20:20:02,0D0AF7,XA-MAO,19.1344,-96.2113,40000.0
2026-03-16 20:20:02,4D2393,9H-MLC,19.1537,-96.1853,1250.0
2026-03-16 20:20:02,0D0A4C,XA-AEC,16.9077,-96.0145,39000.0
2026-03-16 20:20:02,0D09F7,XA-VIB,20.5431,-95.9440,38000.0
2026-03-16 20:20:32,0D081C,XA-VLD,19.0699,-99.6958,35950.0
2026-03-16 20:20:32,0C210E,HP-9913CMP,19.4066,-99.4126,34000.0
2026-03-16 20:20:32,0D09A4,XA-LAU,22.6627,-99.3828,40000.0
2026-03-16 20:20:32,0D0EC2,XA-VYE,23.0812,-98.9366,37025.0
2026-03-16 20:20:32,346206,EC-NCK,19.2117,-98.8256,20400.0
2026-03-16 20:20:32,0D099A,XA-VAR,20.4673,-98.2207,31500.0
2026-03-16 20:20:32,39CF05,F-HTYF,23.2039,-97.9610,40000.0
2026-03-16 20:20:32,A43EA7,N37278,20.3526,-97.7683,38000.0
2026-03-16 20:20:32,0D0934,XA-VAK,20.3331,-97.0845,26000.0
2026-03-16 20:20:32,ACB46D,N918AK,20.3801,-96.9617,34000.0
2026-03-16 20:20:32,0D0DE2,XA-JSO,19.3373,-96.9235,18575.0
2026-03-16 20:20:32,0C218D,HP-9932CMP,20.8672,-96.7619,34000.0
2026-03-16 20:20:32,AC2BD5,N88331,20.3143,-96.5904,33000.0
2026-03-16 20:20:32,0D0AF7,XA-MAO,19.1168,-96.2627,40000.0
2026-03-16 20:20:32,4D2393,9H-MLC,19.1743,-96.1810,2450.0
2026-03-16 20:20:32,0D09F7,XA-VIB,20.5316,-95.9966,37975.0
2026-03-16 20:20:32,0D0A4C,XA-AEC,16.8836,-95.9641,39000.0
2026-03-16 20:21:02,0D081C,XA-VLD,19.0826,-99.7461,35950.0
2026-03-16 20:21:02,0D1234,XA-XE,19.3618,-99.6583,25325.0
2026-03-16 20:21:02,0D0EC2,XA-VYE,23.1444,-98.9333,37050.0
2026-03-16 20:21:02,346206,EC-NCK,19.1686,-98.8281,21575.0
2026-03-16 20:21:02,0D099A,XA-VAR,20.4009,-98.2365,30875.0
2026-03-16 20:21:02,39CF05,F-HTYF,23.1525,-97.9604,40000.0
2026-03-16 20:21:02,A43EA7,N37278,20.3177,-97.8121,38000.0
2026-03-16 20:21:02,0D0934,XA-VAK,20.3236,-97.1419,26000.0
2026-03-16 20:21:02,ACB46D,N918AK,20.4208,-97.0081,34000.0
2026-03-16 20:21:02,0D0DE2,XA-JSO,19.3368,-96.8696,17725.0
2026-03-16 20:21:02,0C218D,HP-9932CMP,20.8814,-96.7823,34000.0
2026-03-16 20:21:02,AC2BD5,N88331,20.2526,-96.5786,33000.0
2026-03-16 20:21:02,0D0AF7,XA-MAO,19.0984,-96.3144,40000.0
2026-03-16 20:21:02,4D2393,9H-MLC,19.2005,-96.1760,3100.0
2026-03-16 20:21:02,0D09F7,XA-VIB,20.5201,-96.0497,37975.0
2026-03-16 20:21:02,0D0A4C,XA-AEC,16.8694,-95.9354,39000.0
2026-03-16 20:21:32,0D081C,XA-VLD,19.0965,-99.8009,35975.0
2026-03-16 20:21:32,0D1234,XA-XE,19.3428,-99.7096,26325.0
2026-03-16 20:21:32,0C210E,HP-9913CMP,19.4699,-99.5892,34000.0
2026-03-16 20:21:32,0D0EC2,XA-VYE,23.2062,-98.9300,37050.0
2026-03-16 20:21:32,346206,EC-NCK,19.1409,-98.8297,22100.0
2026-03-16 20:21:32,0D099A,XA-VAR,20.3412,-98.2506,29650.0
2026-03-16 20:21:32,39CF05,F-HTYF,23.0713,-97.9582,40000.0
2026-03-16 20:21:32,A43EA7,N37278,20.2820,-97.8569,38000.0
2026-03-16 20:21:32,0D0934,XA-VAK,20.3139,-97.2005,26000.0
2026-03-16 20:21:32,ACB46D,N918AK,20.4614,-97.0546,34000.0
2026-03-16 20:21:32,0D0DE2,XA-JSO,19.3364,-96.8160,16900.0
2026-03-16 20:21:32,0C218D,HP-9932CMP,20.8814,-96.7823,34000.0
2026-03-16 20:21:32,AC2BD5,N88331,20.1916,-96.5669,33000.0
2026-03-16 20:21:32,0D0AF7,XA-MAO,19.0800,-96.3655,40000.0
2026-03-16 20:21:32,4D2393,9H-MLC,19.2321,-96.1698,4225.0
2026-03-16 20:21:32,0D09F7,XA-VIB,20.5087,-96.1022,37975.0
2026-03-16 20:21:32,0D0A4C,XA-AEC,16.8694,-95.9354,39000.0
2026-03-16 20:22:02,0D0939,XA-VAN,23.4643,-99.9208,36000.0
2026-03-16 20:22:02,0D081C,XA-VLD,19.1095,-99.8521,36025.0
2026-03-16 20:22:02,0D1234,XA-XE,19.3244,-99.7592,27350.0
2026-03-16 20:22:02,0C210E,HP-9913CMP,19.4992,-99.6718,34000.0
2026-03-16 20:22:02,0D0EC2,XA-VYE,23.2723,-98.9265,36975.0
2026-03-16 20:22:02,346206,EC-NCK,19.0775,-98.8335,23125.0
2026-03-16 20:22:02,0D099A,XA-VAR,20.2989,-98.2606,28725.0
2026-03-16 20:22:02,39CF05,F-HTYF,23.0045,-97.9563,40000.0
2026-03-16 20:22:02,A43EA7,N37278,20.2471,-97.9007,38000.0
2026-03-16 20:22:02,0D0934,XA-VAK,20.3042,-97.2586,26000.0
2026-03-16 20:22:02,ACB46D,N918AK,20.5019,-97.1013,34000.0
2026-03-16 20:22:02,0D0DE2,XA-JSO,19.3358,-96.7632,16050.0
2026-03-16 20:22:02,AC2BD5,N88331,20.1310,-96.5553,33000.0
2026-03-16 20:22:02,0D0AF7,XA-MAO,19.0619,-96.4162,40000.0
2026-03-16 20:22:02,0D09F7,XA-VIB,20.4971,-96.1551,38000.0
2026-03-16 20:22:02,4D2393,9H-MLC,19.2640,-96.1524,5625.0
2026-03-16 20:22:32,0D0939,XA-VAN,23.4007,-99.9172,36000.0
2026-03-16 20:22:32,0D081C,XA-VLD,19.1167,-99.8805,36025.0
2026-03-16 20:22:32,0D1234,XA-XE,19.3070,-99.8058,28125.0
2026-03-16 20:22:32,0C210E,HP-9913CMP,19.5130,-99.7108,34000.0
2026-03-16 20:22:32,0D0EC2,XA-VYE,23.3348,-98.9257,36975.0
2026-03-16 20:22:32,346206,EC-NCK,19.0346,-98.8362,23750.0
2026-03-16 20:22:32,0D099A,XA-VAR,20.2989,-98.2606,28725.0
2026-03-16 20:22:32,39CF05,F-HTYF,22.9890,-97.9558,40000.0
2026-03-16 20:22:32,A43EA7,N37278,20.2125,-97.9440,37475.0
2026-03-16 20:22:32,0D0934,XA-VAK,20.2945,-97.3169,26000.0
2026-03-16 20:22:32,ACB46D,N918AK,20.5429,-97.1486,34000.0
2026-03-16 20:22:32,0C218D,HP-9932CMP,21.0006,-96.9534,34000.0
2026-03-16 20:22:32,0D0DE2,XA-JSO,19.3354,-96.7122,15275.0
2026-03-16 20:22:32,AC2BD5,N88331,20.0691,-96.5435,33000.0
2026-03-16 20:22:32,0D0AF7,XA-MAO,19.0435,-96.4671,40000.0
2026-03-16 20:22:32,0D09F7,XA-VIB,20.4854,-96.2085,38000.0
2026-03-16 20:22:32,4D2393,9H-MLC,19.2762,-96.1139,7425.0
2026-03-16 20:23:02,0D081C,XA-VLD,19.1353,-99.9539,36025.0
2026-03-16 20:23:02,0D11BF,N/A,18.7842,-99.9488,21700.0
2026-03-16 20:23:02,0D0939,XA-VAN,23.3373,-99.9136,36000.0
2026-03-16 20:23:02,0D1234,XA-XE,19.2851,-99.8643,28950.0
2026-03-16 20:23:02,0C210E,HP-9913CMP,19.5383,-99.7819,34000.0
2026-03-16 20:23:02,0D0EC2,XA-VYE,23.3960,-98.9307,36975.0
2026-03-16 20:23:02,346206,EC-NCK,18.9837,-98.8391,24625.0
2026-03-16 20:23:02,A43EA7,N37278,20.1775,-97.9883,36100.0
2026-03-16 20:23:02,39CF05,F-HTYF,22.9148,-97.9538,40000.0
2026-03-16 20:23:02,0D0934,XA-VAK,20.2849,-97.3747,26000.0
2026-03-16 20:23:02,ACB46D,N918AK,20.5833,-97.1950,34000.0
2026-03-16 20:23:02,0C218D,HP-9932CMP,21.0417,-97.0127,34000.0
2026-03-16 20:23:02,0D0DE2,XA-JSO,19.3348,-96.6628,14500.0
2026-03-16 20:23:02,AC2BD5,N88331,20.0071,-96.5317,33000.0
2026-03-16 20:23:02,0D0AF7,XA-MAO,19.0252,-96.5180,40000.0
2026-03-16 20:23:02,0D09F7,XA-VIB,20.4738,-96.2616,38000.0
2026-03-16 20:23:02,4D2393,9H-MLC,19.2802,-96.0730,9150.0
2026-03-16 20:23:32,0D081C,XA-VLD,19.1432,-99.9851,36025.0
2026-03-16 20:23:32,0D11BF,N/A,18.8350,-99.9536,20575.0
2026-03-16 20:23:32,0D0939,XA-VAN,23.2739,-99.9101,36025.0
2026-03-16 20:23:32,0D1234,XA-XE,19.2698,-99.9053,29625.0
2026-03-16 20:23:32,0C210E,HP-9913CMP,19.5599,-99.8427,34000.0
2026-03-16 20:23:32,0D0EC2,XA-VYE,23.4577,-98.9363,36950.0
2026-03-16 20:23:32,346206,EC-NCK,18.9313,-98.8430,25450.0
2026-03-16 20:23:32,A43EA7,N37278,20.1414,-98.0334,34400.0
2026-03-16 20:23:32,39CF05,F-HTYF,22.9148,-97.9538,40000.0
2026-03-16 20:23:32,0D0934,XA-VAK,20.2750,-97.4335,26000.0
2026-03-16 20:23:32,ACB46D,N918AK,20.6245,-97.2423,34000.0
2026-03-16 20:23:32,0C218D,HP-9932CMP,21.0756,-97.0615,34000.0
2026-03-16 20:23:32,0D0DE2,XA-JSO,19.3343,-96.6163,13775.0
2026-03-16 20:23:32,0D0AF7,XA-MAO,19.0070,-96.5685,40000.0
2026-03-16 20:23:32,AC2BD5,N88331,19.9462,-96.5201,33000.0
2026-03-16 20:23:32,0D09F7,XA-VIB,20.4623,-96.3145,38025.0
2026-03-16 20:23:32,4D2393,9H-MLC,19.2867,-96.0318,10500.0
2026-03-16 20:24:02,0D081C,XA-VLD,19.1536,-100.0270,36025.0
2026-03-16 20:24:02,0D1234,XA-XE,19.2491,-99.9606,30600.0
2026-03-16 20:24:02,0D11BF,N/A,18.8894,-99.9502,19500.0
2026-03-16 20:24:02,0D0939,XA-VAN,23.2094,-99.9065,36000.0
2026-03-16 20:24:02,0C210E,HP-9913CMP,19.5772,-99.8912,34000.0
2026-03-16 20:24:02,0D0EC2,XA-VYE,23.5172,-98.9417,36975.0
2026-03-16 20:24:02,346206,EC-NCK,18.8818,-98.8510,26225.0
2026-03-16 20:24:02,A43EA7,N37278,20.1039,-98.0800,32800.0
2026-03-16 20:24:02,0D0934,XA-VAK,20.2654,-97.4907,26000.0
2026-03-16 20:24:02,ACB46D,N918AK,20.6652,-97.2893,34000.0
2026-03-16 20:24:02,0C218D,HP-9932CMP,21.0852,-97.0753,34000.0
2026-03-16 20:24:02,0D0AF7,XA-MAO,18.9885,-96.6195,40000.0
2026-03-16 20:24:02,0D0DE2,XA-JSO,19.3337,-96.5702,13025.0
2026-03-16 20:24:02,AC2BD5,N88331,19.8837,-96.5082,33000.0
2026-03-16 20:24:02,0D09F7,XA-VIB,20.4506,-96.3679,38000.0
2026-03-16 20:24:02,4D2393,9H-MLC,19.2964,-95.9867,10925.0
2026-03-16 20:24:32,0D081C,XA-VLD,19.1657,-100.0749,36000.0
2026-03-16 20:24:32,0D1234,XA-XE,19.2261,-100.0218,31400.0
2026-03-16 20:24:32,0C210E,HP-9913CMP,19.6006,-99.9572,34000.0
2026-03-16 20:24:32,0D11BF,N/A,18.9452,-99.9448,18375.0
2026-03-16 20:24:32,0D0939,XA-VAN,23.1449,-99.9029,36000.0
2026-03-16 20:24:32,346206,EC-NCK,18.8297,-98.8530,26850.0
2026-03-16 20:24:32,A43EA7,N37278,20.0658,-98.1273,31475.0
2026-03-16 20:24:32,0D0934,XA-VAK,20.2566,-97.5426,26025.0
2026-03-16 20:24:32,ACB46D,N918AK,20.7065,-97.3370,34000.0
2026-03-16 20:24:32,0C218D,HP-9932CMP,21.1183,-97.1231,34000.0
2026-03-16 20:24:32,0D0AF7,XA-MAO,18.9703,-96.6700,40000.0
2026-03-16 20:24:32,0D0DE2,XA-JSO,19.3333,-96.5243,12275.0
2026-03-16 20:24:32,AC2BD5,N88331,19.8226,-96.4965,33000.0
2026-03-16 20:24:32,0D09F7,XA-VIB,20.4389,-96.4209,38000.0
2026-03-16 20:24:32,4D2393,9H-MLC,19.3078,-95.9364,11500.0
2026-03-16 20:25:02,0D081C,XA-VLD,19.1849,-100.1484,36000.0
2026-03-16 20:25:02,0D1234,XA-XE,19.2175,-100.0450,31675.0
2026-03-16 20:25:02,0C210E,HP-9913CMP,19.6006,-99.9572,34000.0
2026-03-16 20:25:02,0D11BF,N/A,18.9953,-99.9407,17425.0
2026-03-16 20:25:02,0D0939,XA-VAN,23.0813,-99.8993,36025.0
2026-03-16 20:25:02,346206,EC-NCK,18.7820,-98.8252,27375.0
2026-03-16 20:25:02,A43EA7,N37278,20.0305,-98.1753,30175.0
2026-03-16 20:25:02,0D0934,XA-VAK,20.2506,-97.5784,26025.0
2026-03-16 20:25:02,ACB46D,N918AK,20.7469,-97.3838,34000.0
2026-03-16 20:25:02,0C218D,HP-9932CMP,21.1749,-97.2047,34000.0
2026-03-16 20:25:02,0D0AF7,XA-MAO,18.9522,-96.7205,40000.0
2026-03-16 20:25:02,AC2BD5,N88331,19.7605,-96.4847,33000.0
2026-03-16 20:25:02,0D0DE2,XA-JSO,19.3331,-96.4790,11475.0
2026-03-16 20:25:02,0D09F7,XA-VIB,20.4272,-96.4743,38025.0
2026-03-16 20:25:02,4D2393,9H-MLC,19.3194,-95.8845,13300.0
2026-03-16 20:25:32,0D081C,XA-VLD,19.2037,-100.2074,36000.0
2026-03-16 20:25:32,0D1234,XA-XE,19.2049,-100.0811,31975.0
2026-03-16 20:25:32,0C210E,HP-9913CMP,19.6006,-99.9572,34000.0
2026-03-16 20:25:32,0D11BF,N/A,19.0445,-99.9369,16450.0
2026-03-16 20:25:32,0D0939,XA-VAN,23.0174,-99.8958,36000.0
2026-03-16 20:25:32,346206,EC-NCK,18.7459,-98.7757,27775.0
2026-03-16 20:25:32,A43EA7,N37278,20.0139,-98.2207,29975.0
2026-03-16 20:25:32,0D0934,XA-VAK,20.2356,-97.6675,26025.0
2026-03-16 20:25:32,ACB46D,N918AK,20.7866,-97.4298,34000.0
2026-03-16 20:25:32,0C218D,HP-9932CMP,21.1908,-97.2277,34000.0
2026-03-16 20:25:32,0D0AF7,XA-MAO,18.9336,-96.7718,40000.0
2026-03-16 20:25:32,0D09F7,XA-VIB,20.4155,-96.5276,38025.0
2026-03-16 20:25:32,AC2BD5,N88331,19.6995,-96.4732,33000.0
2026-03-16 20:25:32,0D0DE2,XA-JSO,19.3289,-96.4351,10700.0
2026-03-16 20:25:32,4D2393,9H-MLC,19.3300,-95.8359,15150.0
2026-03-16 20:26:02,0D081C,XA-VLD,19.2230,-100.2681,36000.0
2026-03-16 20:26:02,0C210E,HP-9913CMP,19.6531,-100.1060,34000.0
2026-03-16 20:26:02,0D1234,XA-XE,19.2049,-100.0811,31975.0
2026-03-16 20:26:02,0D11BF,N/A,19.0813,-99.9342,15725.0
2026-03-16 20:26:02,0D0939,XA-VAN,23.0077,-99.8953,36000.0
2026-03-16 20:26:02,346206,EC-NCK,18.7144,-98.7193,28100.0
2026-03-16 20:26:02,A43EA7,N37278,20.0139,-98.2207,29975.0
2026-03-16 20:26:02,0D0934,XA-VAK,20.2258,-97.7250,26025.0
2026-03-16 20:26:02,ACB46D,N918AK,20.8294,-97.4794,34000.0
2026-03-16 20:26:02,0C218D,HP-9932CMP,21.1908,-97.2277,34000.0
2026-03-16 20:26:02,0D0AF7,XA-MAO,18.9155,-96.8221,40000.0
2026-03-16 20:26:02,0D09F7,XA-VIB,20.4037,-96.5809,38025.0
2026-03-16 20:26:02,AC2BD5,N88331,19.6383,-96.4615,33000.0
2026-03-16 20:26:02,0D0DE2,XA-JSO,19.2979,-96.4067,9950.0
2026-03-16 20:26:02,4D2393,9H-MLC,19.3406,-95.7874,16375.0
2026-03-16 20:26:32,0D081C,XA-VLD,19.2396,-100.3200,36000.0
2026-03-16 20:26:32,0D1234,XA-XE,19.0934,-100.1831,33100.0
2026-03-16 20:26:32,0C210E,HP-9913CMP,19.6531,-100.1060,34000.0
2026-03-16 20:26:32,0D0D4B,XA-MHA,18.8145,-99.9573,20450.0
2026-03-16 20:26:32,0D11BF,N/A,19.1463,-99.9295,14700.0
2026-03-16 20:26:32,0D0939,XA-VAN,23.0077,-99.8953,36000.0
2026-03-16 20:26:32,346206,EC-NCK,18.6824,-98.6610,28450.0
2026-03-16 20:26:32,0D0934,XA-VAK,20.2164,-97.7803,26025.0
2026-03-16 20:26:32,ACB46D,N918AK,20.8651,-97.5208,34000.0
2026-03-16 20:26:32,0C218D,HP-9932CMP,21.2665,-97.3373,34000.0
2026-03-16 20:26:32,0D0AF7,XA-MAO,18.8974,-96.8721,40000.0
2026-03-16 20:26:32,0D09F7,XA-VIB,20.3919,-96.6343,38050.0
2026-03-16 20:26:32,AC2BD5,N88331,19.5769,-96.4499,33000.0
2026-03-16 20:26:32,0D0DE2,XA-JSO,19.2600,-96.3951,9450.0
2026-03-16 20:26:32,4D2393,9H-MLC,19.3512,-95.7392,17400.0
2026-03-16 20:27:02,0D081C,XA-VLD,19.2555,-100.3701,36000.0
2026-03-16 20:27:02,0C210E,HP-9913CMP,19.6959,-100.2273,34000.0
2026-03-16 20:27:02,0D1234,XA-XE,19.0685,-100.1989,33450.0
2026-03-16 20:27:02,0D0D4B,XA-MHA,18.9090,-99.9571,19125.0
2026-03-16 20:27:02,0D11BF,N/A,19.1480,-99.9293,14675.0
2026-03-16 20:27:02,346206,EC-NCK,18.6468,-98.6009,28750.0
2026-03-16 20:27:02,0D0934,XA-VAK,20.2114,-97.8097,26025.0
2026-03-16 20:27:02,ACB46D,N918AK,20.8951,-97.5555,34000.0
2026-03-16 20:27:02,0C218D,HP-9932CMP,21.2665,-97.3373,34000.0
2026-03-16 20:27:02,0D0AF7,XA-MAO,18.8789,-96.9226,40000.0
2026-03-16 20:27:02,0D09F7,XA-VIB,20.3803,-96.6865,38025.0
2026-03-16 20:27:02,AC2BD5,N88331,19.5155,-96.4382,33000.0
2026-03-16 20:27:02,0D0DE2,XA-JSO,19.2213,-96.3831,8650.0
2026-03-16 20:27:02,4D2393,9H-MLC,19.3621,-95.6894,17875.0
2026-03-16 20:27:33,0D081C,XA-VLD,19.2723,-100.4230,36025.0
2026-03-16 20:27:33,0C210E,HP-9913CMP,19.7010,-100.2418,34000.0
2026-03-16 20:27:33,0D1234,XA-XE,19.0685,-100.1989,33450.0
2026-03-16 20:27:33,0D0D4B,XA-MHA,18.9582,-99.9523,18325.0
2026-03-16 20:27:33,0D11BF,N/A,19.1480,-99.9293,14675.0
2026-03-16 20:27:33,346206,EC-NCK,18.6099,-98.5405,29450.0
2026-03-16 20:27:33,0D04DF,XA-JAC,17.9159,-97.8404,34000.0
2026-03-16 20:27:33,0D0934,XA-VAK,20.2114,-97.8097,26025.0
2026-03-16 20:27:33,ACB46D,N918AK,20.8951,-97.5555,34000.0
2026-03-16 20:27:33,0D0AF7,XA-MAO,18.8608,-96.9727,40000.0
2026-03-16 20:27:33,0D09F7,XA-VIB,20.3685,-96.7401,38000.0
2026-03-16 20:27:33,AC2BD5,N88331,19.4537,-96.4265,33000.0
2026-03-16 20:27:33,0D0DE2,XA-JSO,19.1828,-96.3716,7875.0
2026-03-16 20:27:33,4D2393,9H-MLC,19.3732,-95.6395,17925.0
2026-03-16 20:28:02,0D081C,XA-VLD,19.2878,-100.4717,36050.0
2026-03-16 20:28:02,0C210E,HP-9913CMP,19.7010,-100.2418,34000.0
2026-03-16 20:28:02,0D0D4B,XA-MHA,18.9989,-99.9483,17925.0
2026-03-16 20:28:02,346206,EC-NCK,18.5730,-98.4800,30175.0
2026-03-16 20:28:02,0D0934,XA-VAK,20.1860,-97.9588,26025.0
2026-03-16 20:28:02,0D04DF,XA-JAC,17.9159,-97.8404,34000.0
2026-03-16 20:28:02,0D0AF7,XA-MAO,18.8427,-97.0223,40000.0
2026-03-16 20:28:02,0D09F7,XA-VIB,20.3568,-96.7923,37975.0
2026-03-16 20:28:02,AC2BD5,N88331,19.3932,-96.4150,33000.0
2026-03-16 20:28:02,0D0DE2,XA-JSO,19.1449,-96.3603,7150.0
2026-03-16 20:28:02,4D2393,9H-MLC,19.3874,-95.5899,18650.0
2026-03-16 20:28:32,0D081C,XA-VLD,19.2915,-100.4834,36050.0
2026-03-16 20:28:32,0D0D4B,XA-MHA,19.0542,-99.9430,17350.0
2026-03-16 20:28:32,346206,EC-NCK,18.5360,-98.4192,30900.0
2026-03-16 20:28:32,0D0934,XA-VAK,20.1816,-97.9847,26000.0
2026-03-16 20:28:32,0D04DF,XA-JAC,17.9907,-97.9072,34000.0
2026-03-16 20:28:32,0D0AF7,XA-MAO,18.8244,-97.0727,40000.0
2026-03-16 20:28:32,0D09F7,XA-VIB,20.3450,-96.8454,37950.0
2026-03-16 20:28:32,AC2BD5,N88331,19.3312,-96.4033,33000.0
2026-03-16 20:28:32,0D0DE2,XA-JSO,19.1071,-96.3492,6425.0
2026-03-16 20:28:32,4D2393,9H-MLC,19.4047,-95.5406,19625.0
2026-03-16 20:28:32,A19A47,N202JP,20.7455,-94.9430,38000.0
2026-03-16 20:29:02,0D081C,XA-VLD,19.3084,-100.5369,36025.0
2026-03-16 20:29:02,0D0D4B,XA-MHA,19.0695,-99.9415,17200.0
2026-03-16 20:29:02,346206,EC-NCK,18.4987,-98.3578,31575.0
2026-03-16 20:29:02,0D0934,XA-VAK,20.1675,-98.0666,26000.0
2026-03-16 20:29:02,0D04DF,XA-JAC,18.0196,-97.9590,33975.0
2026-03-16 20:29:02,0D0AF7,XA-MAO,18.8063,-97.1224,40000.0
2026-03-16 20:29:02,0D09F7,XA-VIB,20.3334,-96.8977,37950.0
2026-03-16 20:29:02,AC2BD5,N88331,19.2710,-96.3919,33000.0
2026-03-16 20:29:02,0D0DE2,XA-JSO,19.0688,-96.3376,5650.0
2026-03-16 20:29:02,4D2393,9H-MLC,19.4219,-95.4901,20425.0
2026-03-16 20:29:02,A19A47,N202JP,20.7455,-94.9962,38000.0
2026-03-16 20:29:32,0D081C,XA-VLD,19.3084,-100.5369,36025.0
2026-03-16 20:29:32,0D0D4B,XA-MHA,19.1285,-99.9359,16625.0
2026-03-16 20:29:32,346206,EC-NCK,18.4617,-98.2968,32375.0
2026-03-16 20:29:32,0D0934,XA-VAK,20.1675,-98.0666,26000.0
2026-03-16 20:29:32,0D04DF,XA-JAC,18.0415,-98.0053,34000.0
2026-03-16 20:29:32,0D0AF7,XA-MAO,18.7883,-97.1717,40000.0
2026-03-16 20:29:32,0D09F7,XA-VIB,20.3215,-96.9510,37975.0
2026-03-16 20:29:32,AC2BD5,N88331,19.2097,-96.3803,33000.0
2026-03-16 20:29:32,0D0DE2,XA-JSO,19.0324,-96.3267,5000.0
2026-03-16 20:29:32,4D2393,9H-MLC,19.4401,-95.4365,20850.0
2026-03-16 20:29:32,A19A47,N202JP,20.7442,-95.0481,38000.0
2026-03-16 20:30:02,0D081C,XA-VLD,19.3512,-100.6725,36000.0
2026-03-16 20:30:02,0D0D4B,XA-MHA,19.1493,-99.9336,16475.0
2026-03-16 20:30:02,346206,EC-NCK,18.4241,-98.2349,32975.0
2026-03-16 20:30:02,0D04DF,XA-JAC,18.0634,-98.0519,34000.0
2026-03-16 20:30:02,0D0AF7,XA-MAO,18.7701,-97.2218,40000.0
2026-03-16 20:30:02,0D09F7,XA-VIB,20.3099,-97.0031,38000.0
2026-03-16 20:30:02,AC2BD5,N88331,19.1475,-96.3686,33000.0
2026-03-16 20:30:02,0D0DE2,XA-JSO,18.9983,-96.3165,4650.0
2026-03-16 20:30:02,4D2393,9H-MLC,19.4588,-95.3811,21500.0
2026-03-16 20:30:02,A19A47,N202JP,20.7372,-95.1013,38000.0
2026-03-16 20:30:32,0D081C,XA-VLD,19.3576,-100.6928,36000.0
2026-03-16 20:30:32,0D0D4B,XA-MHA,19.2081,-99.9086,15950.0
2026-03-16 20:30:32,346206,EC-NCK,18.3872,-98.1744,33025.0
2026-03-16 20:30:32,0D04DF,XA-JAC,18.0854,-98.0988,34000.0
2026-03-16 20:30:32,0D0AF7,XA-MAO,18.7521,-97.2711,40000.0
2026-03-16 20:30:32,0D09F7,XA-VIB,20.2978,-97.0568,38025.0
2026-03-16 20:30:32,AC2BD5,N88331,19.0869,-96.3571,33000.0
2026-03-16 20:30:32,0D0DE2,XA-JSO,18.9770,-96.2932,4275.0
2026-03-16 20:30:32,4D2393,9H-MLC,19.4781,-95.3246,22225.0
2026-03-16 20:30:32,A19A47,N202JP,20.7261,-95.1537,38000.0
2026-03-16 20:31:02,0D081C,XA-VLD,19.3864,-100.7795,35975.0
2026-03-16 20:31:02,A5CC12,N47281,23.4641,-99.9208,35025.0
2026-03-16 20:31:02,0D0D4B,XA-MHA,19.2107,-99.9074,15925.0
2026-03-16 20:31:02,0D04DF,XA-JAC,18.1073,-98.1457,34000.0
2026-03-16 20:31:02,346206,EC-NCK,18.3504,-98.1143,33000.0
2026-03-16 20:31:02,0D0AF7,XA-MAO,18.7337,-97.3212,40000.0
2026-03-16 20:31:02,0D09F7,XA-VIB,20.2860,-97.1096,38050.0
2026-03-16 20:31:02,AC2BD5,N88331,19.0245,-96.3454,33000.0
2026-03-16 20:31:02,0D0DE2,XA-JSO,18.9711,-96.2606,3675.0
2026-03-16 20:31:02,4D2393,9H-MLC,19.4980,-95.2657,22850.0
2026-03-16 20:31:02,A19A47,N202JP,20.7141,-95.2052,38000.0
2026-03-16 20:31:32,0D081C,XA-VLD,19.3864,-100.7795,35975.0
2026-03-16 20:31:32,A5CC12,N47281,23.3974,-99.9170,35000.0
2026-03-16 20:31:32,0D0D4B,XA-MHA,19.2107,-99.9074,15925.0
2026-03-16 20:31:32,0D06A7,XA-ACE,19.4712,-98.5285,20700.0
2026-03-16 20:31:32,0D04DF,XA-JAC,18.1294,-98.1930,34000.0
2026-03-16 20:31:32,346206,EC-NCK,18.3125,-98.0524,33000.0
2026-03-16 20:31:32,0D0AF7,XA-MAO,18.7156,-97.3710,40000.0
2026-03-16 20:31:32,0D09F7,XA-VIB,20.2742,-97.1623,38050.0
2026-03-16 20:31:32,AC2BD5,N88331,18.9628,-96.3338,33000.0
2026-03-16 20:31:32,0D0DE2,XA-JSO,18.9726,-96.2312,3125.0
2026-03-16 20:31:32,A19A47,N202JP,20.7019,-95.2568,38000.0
2026-03-16 20:31:32,4D2393,9H-MLC,19.5184,-95.2055,23175.0
2026-03-16 20:32:02,0D081C,XA-VLD,19.4224,-100.8830,36000.0
2026-03-16 20:32:02,A5CC12,N47281,23.3315,-99.9134,35000.0
2026-03-16 20:32:02,0D0C02,XA-VIU,19.2251,-98.8891,19325.0
2026-03-16 20:32:02,0D06A7,XA-ACE,19.4712,-98.5285,20700.0
2026-03-16 20:32:02,0D04DF,XA-JAC,18.1511,-98.2393,34000.0
2026-03-16 20:32:02,346206,EC-NCK,18.2757,-97.9922,33300.0
2026-03-16 20:32:02,0D0AF7,XA-MAO,18.6990,-97.4160,40000.0
2026-03-16 20:32:02,0D09F7,XA-VIB,20.2632,-97.2111,38025.0
2026-03-16 20:32:02,0D1146,XA-VMB,20.9218,-96.7834,37025.0
2026-03-16 20:32:02,AC2BD5,N88331,18.9051,-96.3229,33000.0
2026-03-16 20:32:02,0D0DE2,XA-JSO,18.9906,-96.2201,2675.0
2026-03-16 20:32:02,A19A47,N202JP,20.6910,-95.3043,38000.0
2026-03-16 20:32:02,4D2393,9H-MLC,19.5378,-95.1481,23625.0
2026-03-16 20:32:32,0D081C,XA-VLD,19.4224,-100.8830,36000.0
2026-03-16 20:32:32,A5CC12,N47281,23.2661,-99.9098,35000.0
2026-03-16 20:32:32,0D0C02,XA-VIU,19.1796,-98.8913,20300.0
2026-03-16 20:32:32,0D06A7,XA-ACE,19.4229,-98.4095,22675.0
2026-03-16 20:32:32,0D04DF,XA-JAC,18.1727,-98.2856,34000.0
2026-03-16 20:32:32,346206,EC-NCK,18.2384,-97.9314,33750.0
2026-03-16 20:32:32,0D0AF7,XA-MAO,18.6802,-97.4677,40000.0
2026-03-16 20:32:32,0D09F7,XA-VIB,20.2506,-97.2668,38000.0
2026-03-16 20:32:32,0D1146,XA-VMB,20.8673,-96.7418,37025.0
2026-03-16 20:32:32,AC2BD5,N88331,18.8388,-96.3104,33000.0
2026-03-16 20:32:32,0D0DE2,XA-JSO,19.0116,-96.2150,2250.0
2026-03-16 20:32:32,0D083B,XA-GAH,19.1537,-96.1863,1150.0
2026-03-16 20:32:32,A19A47,N202JP,20.6789,-95.3589,38000.0
2026-03-16 20:32:32,4D2393,9H-MLC,19.5605,-95.0810,24425.0
2026-03-16 20:33:02,A5CC12,N47281,23.2032,-99.9064,35025.0
2026-03-16 20:33:02,0D0C02,XA-VIU,19.1724,-98.8916,20375.0
2026-03-16 20:33:02,0D06A7,XA-ACE,19.4229,-98.4095,22675.0
2026-03-16 20:33:02,0D04DF,XA-JAC,18.1949,-98.3332,34000.0
2026-03-16 20:33:02,346206,EC-NCK,18.2000,-97.8688,34300.0
2026-03-16 20:33:02,0D0AF7,XA-MAO,18.6617,-97.5179,40000.0
2026-03-16 20:33:02,0D09F7,XA-VIB,20.2386,-97.3207,38000.0
2026-03-16 20:33:02,0D1146,XA-VMB,20.8286,-96.7122,37025.0
2026-03-16 20:33:02,AC2BD5,N88331,18.7758,-96.2988,33000.0
2026-03-16 20:33:02,0D0DE2,XA-JSO,19.0299,-96.2113,1900.0
2026-03-16 20:33:02,0D083B,XA-GAH,19.1734,-96.1825,2425.0
2026-03-16 20:33:02,A19A47,N202JP,20.6678,-95.4110,38000.0
2026-03-16 20:33:02,4D2393,9H-MLC,19.5824,-95.0164,25100.0
2026-03-16 20:33:32,A5CC12,N47281,23.1489,-99.9033,35000.0
2026-03-16 20:33:32,0D0C02,XA-VIU,19.1724,-98.8916,20375.0
2026-03-16 20:33:32,0D04DF,XA-JAC,18.2173,-98.3814,34000.0
2026-03-16 20:33:32,346206,EC-NCK,18.1616,-97.8064,34650.0
2026-03-16 20:33:32,0D0AF7,XA-MAO,18.6435,-97.5673,40000.0
2026-03-16 20:33:32,0D09F7,XA-VIB,20.2267,-97.3734,38000.0
2026-03-16 20:33:32,0D1146,XA-VMB,20.7559,-96.6567,37000.0
2026-03-16 20:33:32,AC2BD5,N88331,18.7147,-96.2989,33000.0
2026-03-16 20:33:32,0D0DE2,XA-JSO,19.0452,-96.2082,1625.0
2026-03-16 20:33:32,0D083B,XA-GAH,19.1962,-96.1773,3500.0
2026-03-16 20:33:32,A19A47,N202JP,20.6568,-95.4623,38000.0
2026-03-16 20:33:32,4D2393,9H-MLC,19.6047,-94.9502,25650.0
2026-03-16 20:34:02,0D0ECD,XB-TLJ,18.7864,-100.0085,21400.0
2026-03-16 20:34:02,A5CC12,N47281,23.0685,-99.8988,35025.0
2026-03-16 20:34:02,0D0C02,XA-VIU,19.0347,-98.8975,22250.0
2026-03-16 20:34:02,0D04DF,XA-JAC,18.2394,-98.4288,34000.0
2026-03-16 20:34:02,0D06A7,XA-ACE,19.3586,-98.2520,24850.0
2026-03-16 20:34:02,346206,EC-NCK,18.1226,-97.7428,35050.0
2026-03-16 20:34:02,0D0AF7,XA-MAO,18.6257,-97.6158,40000.0
2026-03-16 20:34:02,0D09F7,XA-VIB,20.2147,-97.4260,38000.0
2026-03-16 20:34:02,0D1146,XA-VMB,20.7080,-96.6201,37000.0
2026-03-16 20:34:02,AC2BD5,N88331,18.6557,-96.3122,33000.0
2026-03-16 20:34:02,0D0DE2,XA-JSO,19.0609,-96.2050,1300.0
2026-03-16 20:34:02,0D083B,XA-GAH,19.2247,-96.1826,3975.0
2026-03-16 20:34:02,A19A47,N202JP,20.6456,-95.5141,38000.0
2026-03-16 20:34:02,4D2393,9H-MLC,19.6267,-94.8849,26325.0
2026-03-16 20:34:32,0D0ECD,XB-TLJ,18.8212,-99.9957,21400.0
2026-03-16 20:34:32,A5CC12,N47281,23.0651,-99.8986,35025.0
2026-03-16 20:34:32,0D0C02,XA-VIU,18.9863,-98.8996,22975.0
2026-03-16 20:34:32,0D04DF,XA-JAC,18.2614,-98.4760,34000.0
2026-03-16 20:34:32,0D06A7,XA-ACE,19.3342,-98.1922,25550.0
2026-03-16 20:34:32,346206,EC-NCK,18.0837,-97.6792,35625.0
2026-03-16 20:34:32,0D0AF7,XA-MAO,18.6095,-97.6651,39550.0
2026-03-16 20:34:32,0D09F7,XA-VIB,20.2029,-97.4782,38000.0
2026-03-16 20:34:32,0D1146,XA-VMB,20.6513,-96.5770,37025.0
2026-03-16 20:34:32,AC2BD5,N88331,18.5978,-96.3268,33000.0
2026-03-16 20:34:32,0D0DE2,XA-JSO,19.0768,-96.2017,1000.0
2026-03-16 20:34:32,0D083B,XA-GAH,19.2552,-96.2005,5475.0
2026-03-16 20:34:32,A19A47,N202JP,20.6342,-95.5654,38000.0
2026-03-16 20:34:32,4D2393,9H-MLC,19.6495,-94.8173,26875.0
2026-03-16 20:35:02,0D0ECD,XB-TLJ,18.8212,-99.9957,21400.0
2026-03-16 20:35:02,A5CC12,N47281,23.0651,-99.8986,35025.0
2026-03-16 20:35:02,0D0C02,XA-VIU,18.9293,-98.9020,23750.0
2026-03-16 20:35:02,0D04DF,XA-JAC,18.2832,-98.5228,34000.0
2026-03-16 20:35:02,0D06A7,XA-ACE,19.3116,-98.1369,26475.0
2026-03-16 20:35:02,0D0AF7,XA-MAO,18.6095,-97.7150,38225.0
2026-03-16 20:35:02,346206,EC-NCK,18.0448,-97.6160,36150.0
2026-03-16 20:35:02,0D09F7,XA-VIB,20.1911,-97.5307,38000.0
2026-03-16 20:35:02,0D1146,XA-VMB,20.5951,-96.5343,37025.0
2026-03-16 20:35:02,AC2BD5,N88331,18.5403,-96.3413,33000.0
2026-03-16 20:35:02,0D083B,XA-GAH,19.2880,-96.2195,7125.0
2026-03-16 20:35:02,0D0DE2,XA-JSO,19.0929,-96.1983,675.0
2026-03-16 20:35:02,A19A47,N202JP,20.6232,-95.6155,38000.0
2026-03-16 20:35:02,4D2393,9H-MLC,19.6720,-94.7503,27525.0
2026-03-16 20:35:32,0D0ECD,XB-TLJ,18.9135,-99.9606,20900.0
2026-03-16 20:35:32,0D0C02,XA-VIU,18.8745,-98.9043,24500.0
2026-03-16 20:35:32,0D04DF,XA-JAC,18.3051,-98.5700,34000.0
2026-03-16 20:35:32,0D06A7,XA-ACE,19.2891,-98.0819,27050.0
2026-03-16 20:35:32,0D0AF7,XA-MAO,18.6182,-97.7648,36850.0
2026-03-16 20:35:32,0D09F7,XA-VIB,20.1793,-97.5826,38000.0
2026-03-16 20:35:32,346206,EC-NCK,18.0049,-97.5513,36475.0
2026-03-16 20:35:32,0D1146,XA-VMB,20.5404,-96.4926,37025.0
2026-03-16 20:35:32,AC2BD5,N88331,18.4824,-96.3558,33000.0
2026-03-16 20:35:32,0D083B,XA-GAH,19.3238,-96.2402,8725.0
2026-03-16 20:35:32,0D0DE2,XA-JSO,19.1101,-96.1948,350.0
2026-03-16 20:35:32,A19A47,N202JP,20.6118,-95.6672,38000.0
2026-03-16 20:36:02,0D0ECD,XB-TLJ,18.9787,-99.9333,20300.0
2026-03-16 20:36:02,0D0C02,XA-VIU,18.8183,-98.9068,25275.0
2026-03-16 20:36:02,0D04DF,XA-JAC,18.3231,-98.6087,34000.0
2026-03-16 20:36:02,0D06A7,XA-ACE,19.2687,-98.0251,27650.0
2026-03-16 20:36:02,0D0AF7,XA-MAO,18.6269,-97.8159,35425.0
2026-03-16 20:36:02,0D09F7,XA-VIB,20.1675,-97.6343,37975.0
2026-03-16 20:36:02,346206,EC-NCK,17.9656,-97.4877,36700.0
2026-03-16 20:36:02,0D1146,XA-VMB,20.4868,-96.4519,37025.0
2026-03-16 20:36:02,AC2BD5,N88331,18.4233,-96.3706,33000.0
2026-03-16 20:36:02,0D083B,XA-GAH,19.3600,-96.2612,10400.0
2026-03-16 20:36:02,0D0DE2,XA-JSO,19.1227,-96.1922,100.0
2026-03-16 20:36:02,A19A47,N202JP,20.6009,-95.7177,38000.0
2026-03-16 20:36:32,0D0ECD,XB-TLJ,19.0246,-99.9139,19200.0
2026-03-16 20:36:32,0D0C02,XA-VIU,18.7619,-98.9092,26175.0
2026-03-16 20:36:32,0D04DF,XA-JAC,18.3483,-98.6630,34000.0
2026-03-16 20:36:32,A6D00B,N538VL,19.2737,-98.2082,15500.0
2026-03-16 20:36:32,0D06A7,XA-ACE,19.2642,-97.9634,28275.0
2026-03-16 20:36:32,0D0AF7,XA-MAO,18.6363,-97.8682,33975.0
2026-03-16 20:36:32,0D09F7,XA-VIB,20.1559,-97.6853,37975.0
2026-03-16 20:36:32,346206,EC-NCK,17.9480,-97.4593,36875.0
2026-03-16 20:36:32,0D1146,XA-VMB,20.4334,-96.4114,37025.0
2026-03-16 20:36:32,AC2BD5,N88331,18.3642,-96.3854,33000.0
2026-03-16 20:36:32,0D083B,XA-GAH,19.3984,-96.2835,11775.0
2026-03-16 20:36:32,0D0BCE,XA-BBB,17.1012,-96.2669,34000.0
2026-03-16 20:36:32,0D0DE2,XA-JSO,19.1486,-96.1867,1150.0
2026-03-16 20:36:32,A19A47,N202JP,20.5897,-95.7692,38000.0
2026-03-16 20:37:03,0D0ECD,XB-TLJ,19.0869,-99.8892,17600.0
2026-03-16 20:37:03,0D0C02,XA-VIU,18.7035,-98.9117,26850.0
2026-03-16 20:37:03,0D04DF,XA-JAC,18.3694,-98.7085,34000.0
2026-03-16 20:37:03,A6D00B,N538VL,19.2366,-98.1861,16450.0
2026-03-16 20:37:03,39CF05,F-HTYF,21.0331,-97.9943,40000.0
2026-03-16 20:37:03,0D0AF7,XA-MAO,18.6466,-97.9263,32325.0
2026-03-16 20:37:03,0D06A7,XA-ACE,19.2653,-97.9004,28800.0
2026-03-16 20:37:03,0D09F7,XA-VIB,20.1439,-97.7375,37975.0
2026-03-16 20:37:03,346206,EC-NCK,17.8844,-97.3563,38075.0
2026-03-16 20:37:03,AC2BD5,N88331,18.3058,-96.4000,33000.0
2026-03-16 20:37:03,0D1146,XA-VMB,20.3792,-96.3704,37000.0
2026-03-16 20:37:03,0D0BCE,XA-BBB,17.1363,-96.3322,34000.0
2026-03-16 20:37:03,0D083B,XA-GAH,19.4382,-96.3066,12975.0
2026-03-16 20:37:03,0D0DE2,XA-JSO,19.1681,-96.1827,2625.0
2026-03-16 20:37:03,A19A47,N202JP,20.5786,-95.8210,38000.0
2026-03-16 20:37:32,0D0ECD,XB-TLJ,19.1396,-99.8711,16200.0
2026-03-16 20:37:32,0D0C02,XA-VIU,18.6459,-98.9142,27775.0
2026-03-16 20:37:32,0D04DF,XA-JAC,18.3910,-98.7551,34000.0
2026-03-16 20:37:32,A6D00B,N538VL,19.2060,-98.1813,16625.0
2026-03-16 20:37:32,39CF05,F-HTYF,20.9732,-98.0056,40000.0
2026-03-16 20:37:32,0D0AF7,XA-MAO,18.6572,-97.9860,31100.0
2026-03-16 20:37:32,0D06A7,XA-ACE,19.2664,-97.8377,29425.0
2026-03-16 20:37:32,0D09F7,XA-VIB,20.1321,-97.7894,37550.0
2026-03-16 20:37:32,346206,EC-NCK,17.8447,-97.2919,38325.0
2026-03-16 20:37:32,AC2BD5,N88331,18.2468,-96.4148,32725.0
2026-03-16 20:37:32,0D0BCE,XA-BBB,17.1633,-96.3825,34000.0
2026-03-16 20:37:32,0D083B,XA-GAH,19.4790,-96.3303,14550.0
2026-03-16 20:37:32,0D1146,XA-VMB,20.3260,-96.3300,37000.0
2026-03-16 20:37:32,0D0DE2,XA-JSO,19.1919,-96.1787,3425.0
2026-03-16 20:37:32,A19A47,N202JP,20.5676,-95.8716,38000.0
2026-03-16 20:38:03,0D0E06,XB-SJK,18.7975,-99.9504,21550.0
2026-03-16 20:38:03,0D0ECD,XB-TLJ,19.1888,-99.8577,15000.0
2026-03-16 20:38:03,0D0C02,XA-VIU,18.5885,-98.9167,28650.0
2026-03-16 20:38:03,0D04DF,XA-JAC,18.4127,-98.8021,34000.0
2026-03-16 20:38:03,A6D00B,N538VL,19.1519,-98.1804,16625.0
2026-03-16 20:38:03,0D0AF7,XA-MAO,18.6675,-98.0468,29825.0
2026-03-16 20:38:03,39CF05,F-HTYF,20.9732,-98.0056,40000.0
2026-03-16 20:38:03,0D09F7,XA-VIB,20.1180,-97.8407,37100.0
2026-03-16 20:38:03,0D06A7,XA-ACE,19.2675,-97.7736,29775.0
2026-03-16 20:38:03,346206,EC-NCK,17.8047,-97.2273,38550.0
2026-03-16 20:38:03,AC2BD5,N88331,18.1876,-96.4295,31775.0
2026-03-16 20:38:03,0D0BCE,XA-BBB,17.1733,-96.4012,34000.0
2026-03-16 20:38:03,0D083B,XA-GAH,19.5218,-96.3552,15725.0
2026-03-16 20:38:03,0D1146,XA-VMB,20.2712,-96.2885,37000.0
2026-03-16 20:38:03,0D0DE2,XA-JSO,19.2168,-96.1891,3850.0
2026-03-16 20:38:03,A19A47,N202JP,20.5564,-95.9231,38000.0
2026-03-16 20:38:32,0D0E06,XB-SJK,18.7975,-99.9504,21550.0
2026-03-16 20:38:32,0D0ECD,XB-TLJ,19.1994,-99.8553,14800.0
2026-03-16 20:38:32,A6EC65,N545VL,22.4145,-98.9710,36950.0
2026-03-16 20:38:32,0D0C02,XA-VIU,18.5285,-98.9193,29500.0
2026-03-16 20:38:32,0D04DF,XA-JAC,18.4342,-98.8487,34000.0
2026-03-16 20:38:32,0D11E6,XA-VXX,19.4471,-98.4343,21400.0
2026-03-16 20:38:32,0D0E2B,XA-VXA,19.3547,-98.2148,24650.0
2026-03-16 20:38:32,A6D00B,N538VL,19.1230,-98.2135,17575.0
2026-03-16 20:38:32,0D0AF7,XA-MAO,18.6774,-98.1049,28575.0
2026-03-16 20:38:32,39CF05,F-HTYF,20.8403,-98.0307,40000.0
2026-03-16 20:38:32,0D09F7,XA-VIB,20.1031,-97.8937,36550.0
2026-03-16 20:38:32,0D06A7,XA-ACE,19.2686,-97.7090,30350.0
2026-03-16 20:38:32,346206,EC-NCK,17.7636,-97.1612,38725.0
2026-03-16 20:38:32,0D0BCE,XA-BBB,17.2112,-96.4716,34000.0
2026-03-16 20:38:32,AC2BD5,N88331,18.1293,-96.4441,30825.0
2026-03-16 20:38:32,0D083B,XA-GAH,19.5659,-96.3808,16975.0
2026-03-16 20:38:32,0D1146,XA-VMB,20.2182,-96.2484,36975.0
2026-03-16 20:38:32,0D0DE2,XA-JSO,19.2290,-96.2160,3850.0
2026-03-16 20:38:32,A19A47,N202JP,20.5453,-95.9738,38000.0
2026-03-16 20:39:04,0D0E06,XB-SJK,18.9219,-99.9652,19600.0
2026-03-16 20:39:04,0D0ECD,XB-TLJ,19.1994,-99.8553,14800.0
2026-03-16 20:39:04,0D08EB,XA-VLH,23.4663,-99.8302,38000.0
2026-03-16 20:39:04,A6EC65,N545VL,22.4849,-98.9673,36975.0
2026-03-16 20:39:04,0D0C02,XA-VIU,18.4698,-98.9148,30200.0
2026-03-16 20:39:04,0D04DF,XA-JAC,18.4561,-98.8959,34000.0
2026-03-16 20:39:04,0D0DD1,XA-DAP,19.5553,-98.6821,17225.0
2026-03-16 20:39:04,0D11E6,XA-VXX,19.4269,-98.3885,21675.0
2026-03-16 20:39:04,A6D00B,N538VL,19.1205,-98.2601,18300.0
2026-03-16 20:39:04,0D0E2B,XA-VXA,19.3289,-98.1665,25100.0
2026-03-16 20:39:04,0D0AF7,XA-MAO,18.6874,-98.1616,27375.0
2026-03-16 20:39:04,39CF05,F-HTYF,20.7718,-98.0435,40000.0
2026-03-16 20:39:04,0D09F7,XA-VIB,20.0890,-97.9433,35700.0
2026-03-16 20:39:04,0D06A7,XA-ACE,19.2697,-97.6451,30900.0
2026-03-16 20:39:04,346206,EC-NCK,17.7227,-97.0953,38900.0
2026-03-16 20:39:04,0D0BCE,XA-BBB,17.2112,-96.4716,34000.0
2026-03-16 20:39:04,AC2BD5,N88331,18.0731,-96.4582,29875.0
2026-03-16 20:39:04,0D083B,XA-GAH,19.6106,-96.4067,18450.0
2026-03-16 20:39:04,0D0DE2,XA-JSO,19.2207,-96.2458,3850.0
2026-03-16 20:39:04,0D1146,XA-VMB,20.1637,-96.2072,36975.0
2026-03-16 20:39:04,A19A47,N202JP,20.5338,-96.0254,38000.0
2026-03-16 20:39:35,0D0E06,XB-SJK,18.9686,-99.9765,18700.0
2026-03-16 20:39:35,0D08EB,XA-VLH,23.3981,-99.8286,38025.0
2026-03-16 20:39:35,A6EC65,N545VL,22.5550,-98.9636,36975.0
2026-03-16 20:39:35,0D04DF,XA-JAC,18.4768,-98.9405,34000.0
2026-03-16 20:39:35,0D0C02,XA-VIU,18.4069,-98.8970,30800.0
2026-03-16 20:39:35,0D0DD1,XA-DAP,19.5553,-98.6821,17225.0
2026-03-16 20:39:35,0D11E6,XA-VXX,19.4269,-98.3885,22150.0
2026-03-16 20:39:35,A6D00B,N538VL,19.1050,-98.3063,19675.0
2026-03-16 20:39:35,0D0AF7,XA-MAO,18.6985,-98.2253,26500.0
2026-03-16 20:39:35,0D0E2B,XA-VXA,19.2984,-98.1139,25400.0
2026-03-16 20:39:35,39CF05,F-HTYF,20.7031,-98.0565,40000.0
2026-03-16 20:39:35,0D09F7,XA-VIB,20.0710,-98.0069,33975.0
2026-03-16 20:39:35,0D06A7,XA-ACE,19.2709,-97.5755,31550.0
2026-03-16 20:39:35,346206,EC-NCK,17.6780,-97.0234,39000.0
2026-03-16 20:39:35,AC2BD5,N88331,18.0136,-96.4731,28925.0
2026-03-16 20:39:35,0D083B,XA-GAH,19.6592,-96.4348,19725.0
2026-03-16 20:39:35,0D0DE2,XA-JSO,19.1917,-96.2658,3850.0
2026-03-16 20:39:35,0D1146,XA-VMB,20.1050,-96.1628,36950.0
2026-03-16 20:39:35,A19A47,N202JP,20.5214,-96.0802,38000.0
2026-03-16 20:40:02,0D0E06,XB-SJK,19.0129,-99.9849,17950.0
2026-03-16 20:40:02,0D08EB,XA-VLH,23.3391,-99.8272,38025.0
2026-03-16 20:40:02,0D04DF,XA-JAC,18.4948,-98.9779,34000.0
2026-03-16 20:40:02,A6EC65,N545VL,22.6150,-98.9605,36975.0
2026-03-16 20:40:02,0D0C02,XA-VIU,18.3542,-98.8713,31450.0
2026-03-16 20:40:02,A6D00B,N538VL,19.0694,-98.3385,20500.0
2026-03-16 20:40:02,0D11E6,XA-VXX,19.3831,-98.2892,23125.0
2026-03-16 20:40:02,0D0AF7,XA-MAO,18.7072,-98.2756,26275.0
2026-03-16 20:40:02,0D0E2B,XA-VXA,19.2705,-98.0662,25650.0
2026-03-16 20:40:02,39CF05,F-HTYF,20.6516,-98.0661,40000.0
2026-03-16 20:40:02,0D09F7,XA-VIB,20.0561,-98.0592,32800.0
2026-03-16 20:40:02,0D06A7,XA-ACE,19.2719,-97.5144,32075.0
2026-03-16 20:40:02,346206,EC-NCK,17.6383,-96.9595,39000.0
2026-03-16 20:40:02,0D0BCE,XA-BBB,17.2763,-96.5926,34000.0
2026-03-16 20:40:02,AC2BD5,N88331,17.9610,-96.4863,28050.0
2026-03-16 20:40:02,0D083B,XA-GAH,19.7021,-96.4597,20625.0
2026-03-16 20:40:02,0D0DE2,XA-JSO,19.1618,-96.2736,3850.0
2026-03-16 20:40:02,A19A47,N202JP,20.5106,-96.1275,38000.0
2026-03-16 20:40:02,0D1146,XA-VMB,20.0540,-96.1243,36950.0
2026-03-16 20:40:33,0D0E06,XB-SJK,19.0458,-99.9898,17525.0
2026-03-16 20:40:33,0D08EB,XA-VLH,23.2751,-99.8258,38050.0
2026-03-16 20:40:33,0D04DF,XA-JAC,18.5088,-99.0019,34000.0
2026-03-16 20:40:33,A6EC65,N545VL,22.6803,-98.9572,36975.0
2026-03-16 20:40:33,0D0C02,XA-VIU,18.3007,-98.8351,31975.0
2026-03-16 20:40:33,0D0DD1,XA-DAP,19.4912,-98.5348,20850.0
2026-03-16 20:40:33,A6D00B,N538VL,19.0287,-98.3652,21700.0
2026-03-16 20:40:33,0D0AF7,XA-MAO,18.7164,-98.3286,26000.0
2026-03-16 20:40:33,0D11E6,XA-VXX,19.3554,-98.2267,23875.0
2026-03-16 20:40:33,0D09F7,XA-VIB,20.0401,-98.1156,31550.0
2026-03-16 20:40:33,39CF05,F-HTYF,20.5817,-98.0792,39450.0
2026-03-16 20:40:33,0D0E2B,XA-VXA,19.2405,-98.0147,26400.0
2026-03-16 20:40:33,0D06A7,XA-ACE,19.2729,-97.4503,32600.0
2026-03-16 20:40:33,346206,EC-NCK,17.5967,-96.8926,39000.0
2026-03-16 20:40:33,0D0BCE,XA-BBB,17.3233,-96.6802,34000.0
2026-03-16 20:40:33,AC2BD5,N88331,17.9059,-96.4999,27150.0
2026-03-16 20:40:33,0D083B,XA-GAH,19.7483,-96.4866,21600.0
2026-03-16 20:40:33,0D0DE2,XA-JSO,19.1287,-96.2806,3875.0
2026-03-16 20:40:33,A19A47,N202JP,20.4993,-96.1789,38000.0
2026-03-16 20:40:33,0D1146,XA-VMB,19.9995,-96.0833,36975.0
2026-03-16 20:41:06,0D0E06,XB-SJK,19.0458,-99.9898,17525.0
2026-03-16 20:41:06,0D08EB,XA-VLH,23.2120,-99.8244,38050.0
2026-03-16 20:41:06,0D04DF,XA-JAC,18.5088,-99.0019,34000.0
2026-03-16 20:41:06,A6EC65,N545VL,22.7367,-98.9541,36975.0
2026-03-16 20:41:06,0D0C02,XA-VIU,18.2475,-98.7981,32525.0
2026-03-16 20:41:06,0D0DD1,XA-DAP,19.4772,-98.5023,21750.0
2026-03-16 20:41:06,A6D00B,N538VL,18.9873,-98.3923,22625.0
2026-03-16 20:41:06,0D0AF7,XA-MAO,18.7261,-98.3829,25025.0
2026-03-16 20:41:06,0D09F7,XA-VIB,20.0245,-98.1706,30300.0
2026-03-16 20:41:06,0D11E6,XA-VXX,19.3331,-98.1636,24500.0
2026-03-16 20:41:06,39CF05,F-HTYF,20.5157,-98.0915,38500.0
2026-03-16 20:41:06,0D0E2B,XA-VXA,19.2270,-97.9554,27075.0
2026-03-16 20:41:06,0D06A7,XA-ACE,19.2739,-97.3858,33175.0
2026-03-16 20:41:06,346206,EC-NCK,17.5546,-96.8251,39000.0
2026-03-16 20:41:06,0D0BCE,XA-BBB,17.3533,-96.7364,34000.0
2026-03-16 20:41:06,0D083B,XA-GAH,19.7958,-96.5143,22550.0
2026-03-16 20:41:06,AC2BD5,N88331,17.8506,-96.5137,26250.0
2026-03-16 20:41:06,0D0DE2,XA-JSO,19.0949,-96.2881,3850.0
2026-03-16 20:41:06,A19A47,N202JP,20.4877,-96.2300,38000.0
2026-03-16 20:41:06,0D1146,XA-VMB,19.9440,-96.0416,37000.0
2026-03-16 20:41:33,0D08EB,XA-VLH,23.1501,-99.8230,38050.0
2026-03-16 20:41:33,0D04DF,XA-JAC,18.5773,-99.1061,34000.0
2026-03-16 20:41:33,A6EC65,N545VL,22.8091,-98.9504,36975.0
2026-03-16 20:41:33,0D0C02,XA-VIU,18.1936,-98.7606,33000.0
2026-03-16 20:41:33,0D0DD1,XA-DAP,19.4605,-98.4642,22725.0
2026-03-16 20:41:33,0D0AF7,XA-MAO,18.7360,-98.4360,24000.0
2026-03-16 20:41:33,A6D00B,N538VL,18.9463,-98.4198,23450.0
2026-03-16 20:41:33,0D09F7,XA-VIB,20.0127,-98.2248,29750.0
2026-03-16 20:41:33,39CF05,F-HTYF,20.4518,-98.1037,37025.0
2026-03-16 20:41:33,0D11E6,XA-VXX,19.3230,-98.1019,24925.0
2026-03-16 20:41:33,0D0E2B,XA-VXA,19.2299,-97.8939,27350.0
2026-03-16 20:41:33,0D06A7,XA-ACE,19.2749,-97.3197,33675.0
2026-03-16 20:41:33,0D0BCE,XA-BBB,17.3794,-96.7853,34000.0
2026-03-16 20:41:33,346206,EC-NCK,17.5122,-96.7569,39000.0
2026-03-16 20:41:33,0D083B,XA-GAH,19.8434,-96.5420,23325.0
2026-03-16 20:41:33,AC2BD5,N88331,17.7972,-96.5270,25375.0
2026-03-16 20:41:33,0D0DE2,XA-JSO,19.0602,-96.2953,3875.0
2026-03-16 20:41:33,A19A47,N202JP,20.4762,-96.2814,38000.0
2026-03-16 20:41:33,0D1146,XA-VMB,19.8887,-96.0000,37050.0
2026-03-16 20:42:05,0D0E06,XB-SJK,19.1791,-99.9959,16000.0
2026-03-16 20:42:05,0D08EB,XA-VLH,23.0876,-99.8217,38025.0
2026-03-16 20:42:05,0D04DF,XA-JAC,18.6174,-99.1666,34000.0
2026-03-16 20:42:05,A6EC65,N545VL,22.8758,-98.9470,37000.0
2026-03-16 20:42:05,0D0C02,XA-VIU,18.1380,-98.7220,33375.0
2026-03-16 20:42:05,0D0AF7,XA-MAO,18.7457,-98.4887,22975.0
2026-03-16 20:42:05,A6D00B,N538VL,18.9055,-98.4524,23900.0
2026-03-16 20:42:05,0D0DD1,XA-DAP,19.4288,-98.3926,24150.0
2026-03-16 20:42:05,0D09F7,XA-VIB,20.0102,-98.2371,29700.0
2026-03-16 20:42:05,39CF05,F-HTYF,20.3889,-98.1157,35900.0
2026-03-16 20:42:05,0D11E6,XA-VXX,19.3124,-98.0391,25525.0
2026-03-16 20:42:05,0D0E2B,XA-VXA,19.2362,-97.8300,27650.0
2026-03-16 20:42:05,0D06A7,XA-ACE,19.2758,-97.2525,33750.0
2026-03-16 20:42:05,0D0BCE,XA-BBB,17.3979,-96.8197,34000.0
2026-03-16 20:42:05,346206,EC-NCK,17.4707,-96.6905,39000.0
2026-03-16 20:42:05,0D083B,XA-GAH,19.8921,-96.5704,24000.0
2026-03-16 20:42:05,AC2BD5,N88331,17.7459,-96.5398,24550.0
2026-03-16 20:42:05,A19A47,N202JP,20.4647,-96.3330,38000.0
2026-03-16 20:42:05,0D0DE2,XA-JSO,19.0275,-96.3014,3850.0
2026-03-16 20:42:05,0D1146,XA-VMB,19.8325,-95.9577,37050.0
2026-03-16 20:42:32,0D0E06,XB-SJK,19.1791,-99.9959,16000.0
2026-03-16 20:42:32,0D08EB,XA-VLH,23.0260,-99.8203,38025.0
2026-03-16 20:42:32,0D04DF,XA-JAC,18.6488,-99.2141,34000.0
2026-03-16 20:42:32,A6EC65,N545VL,22.9415,-98.9435,37000.0
2026-03-16 20:42:32,0D0C02,XA-VIU,18.0826,-98.6836,33600.0
2026-03-16 20:42:32,0D0AF7,XA-MAO,18.7552,-98.5406,21875.0
2026-03-16 20:42:32,A6D00B,N538VL,18.8632,-98.4862,24450.0
2026-03-16 20:42:32,0D0DD1,XA-DAP,19.4074,-98.3445,24575.0
2026-03-16 20:42:32,0D09F7,XA-VIB,20.0102,-98.2371,29700.0
2026-03-16 20:42:32,39CF05,F-HTYF,20.3297,-98.1265,34925.0
2026-03-16 20:42:32,0D11E6,XA-VXX,19.3017,-97.9758,26175.0
2026-03-16 20:42:32,0D0E2B,XA-VXA,19.2422,-97.7652,27950.0
2026-03-16 20:42:32,0D06A7,XA-ACE,19.2768,-97.1838,33925.0
2026-03-16 20:42:32,0D0BCE,XA-BBB,17.4288,-96.8775,34000.0
2026-03-16 20:42:32,346206,EC-NCK,17.4284,-96.6227,39000.0
2026-03-16 20:42:32,0D083B,XA-GAH,19.9406,-96.5986,24000.0
2026-03-16 20:42:32,AC2BD5,N88331,17.7459,-96.5398,24550.0
2026-03-16 20:42:32,A19A47,N202JP,20.4535,-96.3838,38000.0
2026-03-16 20:42:32,0D0DE2,XA-JSO,18.9960,-96.3029,3850.0
2026-03-16 20:42:32,0D1146,XA-VMB,19.7769,-95.9159,37050.0
2026-03-16 20:43:02,0D08EB,XA-VLH,22.9974,-99.8196,38000.0
2026-03-16 20:43:02,0D04DF,XA-JAC,18.6875,-99.2566,34025.0
2026-03-16 20:43:02,A6EC65,N545VL,23.0065,-98.9401,37050.0
2026-03-16 20:43:02,0D0C02,XA-VIU,18.0260,-98.6442,34075.0
2026-03-16 20:43:02,0D0AF7,XA-MAO,18.7647,-98.5934,20850.0
2026-03-16 20:43:02,A6D00B,N538VL,18.8197,-98.5207,25200.0
2026-03-16 20:43:02,0D0DD1,XA-DAP,19.3932,-98.3125,24700.0
2026-03-16 20:43:02,39CF05,F-HTYF,20.2647,-98.1386,33850.0
2026-03-16 20:43:02,0D11E6,XA-VXX,19.2909,-97.9113,26600.0
2026-03-16 20:43:02,0D0E2B,XA-VXA,19.2581,-97.6997,28200.0
2026-03-16 20:43:02,0D06A7,XA-ACE,19.2778,-97.1122,34100.0
2026-03-16 20:43:02,0D0BCE,XA-BBB,17.4620,-96.9395,34000.0
2026-03-16 20:43:02,0D083B,XA-GAH,19.9887,-96.6267,24000.0
2026-03-16 20:43:02,346206,EC-NCK,17.3950,-96.5692,39000.0
2026-03-16 20:43:02,A19A47,N202JP,20.4423,-96.4342,38000.0
2026-03-16 20:43:02,0D0DE2,XA-JSO,18.9754,-96.2809,3725.0
2026-03-16 20:43:02,0D1146,XA-VMB,19.7209,-95.8739,37000.0
2026-03-16 20:43:32,0D08EB,XA-VLH,22.9974,-99.8196,38000.0
2026-03-16 20:43:32,0D04DF,XA-JAC,18.7413,-99.2857,34000.0
2026-03-16 20:43:32,A6EC65,N545VL,23.0722,-98.9366,37050.0
2026-03-16 20:43:32,0D0AF7,XA-MAO,18.7738,-98.6438,19900.0
2026-03-16 20:43:32,0D0C02,XA-VIU,17.9704,-98.6055,34400.0
2026-03-16 20:43:32,A6D00B,N538VL,18.7788,-98.5613,26050.0
2026-03-16 20:43:32,0D0DD1,XA-DAP,19.3563,-98.2293,25350.0
2026-03-16 20:43:32,39CF05,F-HTYF,20.2053,-98.1498,32875.0
2026-03-16 20:43:32,0D11E6,XA-VXX,19.2800,-97.8460,27025.0
2026-03-16 20:43:32,0D0E2B,XA-VXA,19.2811,-97.6355,28675.0
2026-03-16 20:43:32,0D06A7,XA-ACE,19.2788,-97.0404,34550.0
2026-03-16 20:43:32,0D0BCE,XA-BBB,17.4712,-96.9568,34000.0
2026-03-16 20:43:32,0D083B,XA-GAH,20.0368,-96.6548,24000.0
2026-03-16 20:43:32,346206,EC-NCK,17.3450,-96.4894,39000.0
2026-03-16 20:43:32,A19A47,N202JP,20.4308,-96.4864,38000.0
2026-03-16 20:43:32,0D0DE2,XA-JSO,18.9694,-96.2502,3425.0
2026-03-16 20:43:32,0D1146,XA-VMB,19.6645,-95.8316,37000.0
2026-03-16 20:44:02,0D04DF,XA-JAC,18.7958,-99.3109,34000.0
2026-03-16 20:44:02,A6EC65,N545VL,23.1378,-98.9332,37050.0
2026-03-16 20:44:02,0D0AF7,XA-MAO,18.7886,-98.6935,18950.0
2026-03-16 20:44:02,A6D00B,N538VL,18.7607,-98.6139,26800.0
2026-03-16 20:44:02,0D0C02,XA-VIU,17.9185,-98.5694,34975.0
2026-03-16 20:44:02,0D0DD1,XA-DAP,19.3311,-98.1724,26825.0
2026-03-16 20:44:02,39CF05,F-HTYF,20.1418,-98.1616,31825.0
2026-03-16 20:44:02,0D11E6,XA-VXX,19.2690,-97.7801,27700.0
2026-03-16 20:44:02,0D0F07,XA-VXJ,23.1948,-97.6554,34975.0
2026-03-16 20:44:02,0D0E2B,XA-VXA,19.3038,-97.5711,29300.0
2026-03-16 20:44:02,0D0BCE,XA-BBB,17.5246,-97.0342,34000.0
2026-03-16 20:44:02,0D06A7,XA-ACE,19.2798,-96.9686,35075.0
2026-03-16 20:44:02,0D083B,XA-GAH,20.0849,-96.6829,24000.0
2026-03-16 20:44:02,A19A47,N202JP,20.4192,-96.5369,38000.0
2026-03-16 20:44:02,346206,EC-NCK,17.3041,-96.4240,39000.0
2026-03-16 20:44:02,0D0DE2,XA-JSO,18.9781,-96.2254,2950.0
2026-03-16 20:44:02,0D1146,XA-VMB,19.6092,-95.7903,36975.0
2026-03-16 20:44:32,0D04DF,XA-JAC,18.8492,-99.3357,34000.0
2026-03-16 20:44:32,A49F89,N39728,23.5114,-99.0386,38000.0
2026-03-16 20:44:32,A6EC65,N545VL,23.2029,-98.9297,37050.0
2026-03-16 20:44:32,0D0AF7,XA-MAO,18.8211,-98.7270,18300.0
2026-03-16 20:44:32,A6D00B,N538VL,18.7689,-98.6698,27800.0
2026-03-16 20:44:32,0D0C02,XA-VIU,17.8630,-98.5309,35000.0
2026-03-16 20:44:32,39CF05,F-HTYF,20.0831,-98.1769,30825.0
2026-03-16 20:44:32,0D0DD1,XA-DAP,19.3067,-98.1168,27950.0
2026-03-16 20:44:32,4D247D,9H-SWB,19.6339,-97.9921,22025.0
2026-03-16 20:44:32,0D11E6,XA-VXX,19.2576,-97.7130,28125.0
2026-03-16 20:44:32,0D0F07,XA-VXJ,23.2498,-97.6428,34950.0
2026-03-16 20:44:32,0D0E2B,XA-VXA,19.3269,-97.5063,29750.0
2026-03-16 20:44:32,0D0BCE,XA-BBB,17.5618,-97.0768,34000.0
2026-03-16 20:44:32,0D06A7,XA-ACE,19.2807,-96.8947,35275.0
2026-03-16 20:44:32,0D083B,XA-GAH,20.1328,-96.7139,24000.0
2026-03-16 20:44:32,A19A47,N202JP,20.4071,-96.5893,38000.0
2026-03-16 20:44:32,346206,EC-NCK,17.2622,-96.3571,39000.0
2026-03-16 20:44:32,0D0DE2,XA-JSO,18.9985,-96.2174,2500.0
2026-03-16 20:44:32,0D1146,XA-VMB,19.5533,-95.7484,36925.0
2026-03-16 20:45:02,0D04DF,XA-JAC,18.9046,-99.3614,34000.0
2026-03-16 20:45:02,A49F89,N39728,23.4581,-99.0604,38000.0
2026-03-16 20:45:02,A6EC65,N545VL,23.2673,-98.9262,37000.0
2026-03-16 20:45:02,0D0AF7,XA-MAO,18.8605,-98.7583,17950.0
2026-03-16 20:45:02,A6D00B,N538VL,18.7849,-98.7253,28600.0
2026-03-16 20:45:02,0D0C02,XA-VIU,17.8124,-98.4959,35000.0
2026-03-16 20:45:02,39CF05,F-HTYF,20.0373,-98.2119,29975.0
2026-03-16 20:45:02,0D0DD1,XA-DAP,19.2820,-98.0607,28500.0
2026-03-16 20:45:02,4D247D,9H-SWB,19.6278,-97.9341,23050.0
2026-03-16 20:45:02,0D11E6,XA-VXX,19.2463,-97.6465,28575.0
2026-03-16 20:45:02,0D0F07,XA-VXJ,23.2937,-97.6328,34950.0
2026-03-16 20:45:02,0D0E2B,XA-VXA,19.3500,-97.4411,30150.0
2026-03-16 20:45:02,0D0BCE,XA-BBB,17.5895,-97.1086,34000.0
2026-03-16 20:45:02,0D06A7,XA-ACE,19.2816,-96.8216,35600.0
2026-03-16 20:45:02,0D083B,XA-GAH,20.1667,-96.7577,24000.0
2026-03-16 20:45:02,A19A47,N202JP,20.3953,-96.6405,38000.0
2026-03-16 20:45:02,346206,EC-NCK,17.2222,-96.2933,39000.0
2026-03-16 20:45:02,0D0DE2,XA-JSO,19.0185,-96.2137,2125.0
2026-03-16 20:45:02,0D1146,XA-VMB,19.4974,-95.7066,36950.0
2026-03-16 20:45:32,0D04DF,XA-JAC,18.9594,-99.3869,34000.0
2026-03-16 20:45:32,A49F89,N39728,23.4041,-99.0823,38000.0
2026-03-16 20:45:32,A6EC65,N545VL,23.3294,-98.9291,37000.0
2026-03-16 20:45:32,0D0AF7,XA-MAO,18.8967,-98.7874,17525.0
2026-03-16 20:45:32,A6D00B,N538VL,18.7973,-98.7806,29375.0
2026-03-16 20:45:32,A66AC3,N512VL,19.4767,-98.5014,21675.0
2026-03-16 20:45:32,0D0C02,XA-VIU,17.7525,-98.4544,34725.0
2026-03-16 20:45:32,39CF05,F-HTYF,20.0182,-98.2393,29800.0
2026-03-16 20:45:32,0D0DD1,XA-DAP,19.2646,-97.9993,29075.0
2026-03-16 20:45:32,4D247D,9H-SWB,19.6222,-97.8742,23875.0
2026-03-16 20:45:32,0D11E6,XA-VXX,19.2347,-97.5785,29025.0
2026-03-16 20:45:32,0D0E2B,XA-VXA,19.3737,-97.3744,30625.0
2026-03-16 20:45:32,0D0BCE,XA-BBB,17.5895,-97.1086,34000.0
2026-03-16 20:45:32,0D083B,XA-GAH,20.1839,-96.8092,24000.0
2026-03-16 20:45:32,0D06A7,XA-ACE,19.2825,-96.7462,35900.0
2026-03-16 20:45:32,A19A47,N202JP,20.3838,-96.6919,38000.0
2026-03-16 20:45:32,346206,EC-NCK,17.2222,-96.2933,39000.0
2026-03-16 20:45:32,0D0DE2,XA-JSO,19.0360,-96.2101,1800.0
2026-03-16 20:45:32,0D1146,XA-VMB,19.4413,-95.6647,36950.0
2026-03-16 20:46:03,0D04DF,XA-JAC,19.0146,-99.4116,34000.0
2026-03-16 20:46:03,A49F89,N39728,23.3508,-99.1041,38000.0
2026-03-16 20:46:03,A6EC65,N545VL,23.3906,-98.9454,37000.0
2026-03-16 20:46:03,A6D00B,N538VL,18.7978,-98.8390,30525.0
2026-03-16 20:46:03,0D0AF7,XA-MAO,18.9322,-98.8157,17100.0
2026-03-16 20:46:03,A66AC3,N512VL,19.4514,-98.4439,22725.0
2026-03-16 20:46:03,0D0C02,XA-VIU,17.6866,-98.4088,34175.0
2026-03-16 20:46:03,39CF05,F-HTYF,20.0182,-98.2393,29800.0
2026-03-16 20:46:03,0D0DD1,XA-DAP,19.2588,-97.9343,29900.0
2026-03-16 20:46:03,4D247D,9H-SWB,19.6328,-97.8154,24450.0
2026-03-16 20:46:03,0D11E6,XA-VXX,19.2231,-97.5103,29550.0
2026-03-16 20:46:03,0D0E2B,XA-VXA,19.3976,-97.3070,31300.0
2026-03-16 20:46:03,0D083B,XA-GAH,20.1851,-96.8630,24000.0
2026-03-16 20:46:03,A19A47,N202JP,20.3721,-96.7438,38000.0
2026-03-16 20:46:03,0D06A7,XA-ACE,19.2834,-96.6712,36300.0
2026-03-16 20:46:03,0D0DE2,XA-JSO,19.0524,-96.2067,1475.0
2026-03-16 20:46:03,0D1146,XA-VMB,19.3850,-95.6225,36975.0
2026-03-16 20:46:32,0D04DF,XA-JAC,19.0719,-99.4259,34000.0
2026-03-16 20:46:32,A49F89,N39728,23.2969,-99.1260,38000.0
2026-03-16 20:46:32,A6EC65,N545VL,23.4501,-98.9608,37000.0
2026-03-16 20:46:32,A6D00B,N538VL,18.7982,-98.8945,31350.0
2026-03-16 20:46:32,0D0AF7,XA-MAO,18.9664,-98.8431,16600.0
2026-03-16 20:46:32,A66AC3,N512VL,19.4274,-98.3892,23075.0
2026-03-16 20:46:32,0D0C02,XA-VIU,17.6327,-98.3714,33725.0
2026-03-16 20:46:32,0D0DD1,XA-DAP,19.2546,-97.8682,30425.0
2026-03-16 20:46:32,4D247D,9H-SWB,19.6472,-97.7544,25150.0
2026-03-16 20:46:32,0D11E6,XA-VXX,19.2113,-97.4407,29925.0
2026-03-16 20:46:32,0D0E2B,XA-VXA,19.4213,-97.2399,31750.0
2026-03-16 20:46:32,0D083B,XA-GAH,20.1822,-96.9169,24000.0
2026-03-16 20:46:32,A19A47,N202JP,20.3598,-96.7946,38000.0
2026-03-16 20:46:32,0D06A7,XA-ACE,19.2842,-96.5948,36550.0
2026-03-16 20:46:32,0D0DE2,XA-JSO,19.0681,-96.2034,1125.0
2026-03-16 20:46:32,0D1146,XA-VMB,19.3295,-95.5813,36975.0
2026-03-16 20:47:02,0D04DF,XA-JAC,19.1382,-99.4289,33325.0
2026-03-16 20:47:02,A49F89,N39728,23.2425,-99.1482,38000.0
2026-03-16 20:47:02,A6EC65,N545VL,23.5098,-98.9763,36975.0
2026-03-16 20:47:02,A6D00B,N538VL,18.8018,-98.9519,32225.0
2026-03-16 20:47:02,0D0AF7,XA-MAO,18.9829,-98.8563,16375.0
2026-03-16 20:47:02,A66AC3,N512VL,19.4055,-98.3397,23400.0
2026-03-16 20:47:02,0D0C02,XA-VIU,17.5774,-98.3333,33250.0
2026-03-16 20:47:02,0D0DD1,XA-DAP,19.2504,-97.8023,31125.0
2026-03-16 20:47:02,4D247D,9H-SWB,19.6615,-97.6922,25750.0
2026-03-16 20:47:02,0D11E6,XA-VXX,19.1994,-97.3710,30500.0
2026-03-16 20:47:02,0D0E2B,XA-VXA,19.4453,-97.1723,32200.0
2026-03-16 20:47:02,0D083B,XA-GAH,20.1791,-96.9717,24425.0
2026-03-16 20:47:02,A19A47,N202JP,20.3422,-96.8447,38000.0
2026-03-16 20:47:02,0D06A7,XA-ACE,19.2851,-96.5176,36700.0
2026-03-16 20:47:02,0D0DE2,XA-JSO,19.0840,-96.2002,825.0
2026-03-16 20:47:02,0D1146,XA-VMB,19.2731,-95.5392,36975.0
2026-03-16 20:47:33,0D04DF,XA-JAC,19.2017,-99.4292,32275.0
2026-03-16 20:47:33,A49F89,N39728,23.1888,-99.1699,38000.0
2026-03-16 20:47:33,A6D00B,N538VL,18.8073,-99.0078,32975.0
2026-03-16 20:47:33,0D0AF7,XA-MAO,18.9829,-98.8563,16375.0
2026-03-16 20:47:33,0D0C02,XA-VIU,17.5514,-98.3153,33000.0
2026-03-16 20:47:33,A66AC3,N512VL,19.3861,-98.2957,23900.0
2026-03-16 20:47:33,0D0DD1,XA-DAP,19.2460,-97.7351,31825.0
2026-03-16 20:47:33,4D247D,9H-SWB,19.6758,-97.6289,26350.0
2026-03-16 20:47:33,0D11E6,XA-VXX,19.1873,-97.3001,31000.0
2026-03-16 20:47:33,0D0E2B,XA-VXA,19.4694,-97.1043,32575.0
2026-03-16 20:47:33,0D083B,XA-GAH,20.1761,-97.0271,25525.0
2026-03-16 20:47:33,A19A47,N202JP,20.3214,-96.8938,38000.0
2026-03-16 20:47:33,0D06A7,XA-ACE,19.2858,-96.4404,37100.0
2026-03-16 20:47:33,0D0DE2,XA-JSO,19.1019,-96.1964,500.0
2026-03-16 20:47:33,346206,EC-NCK,17.0220,-95.9799,39000.0
2026-03-16 20:47:33,0D1146,XA-VMB,19.2175,-95.4977,37000.0
2026-03-16 20:48:02,0D04DF,XA-JAC,19.2660,-99.4295,31150.0
2026-03-16 20:48:02,0D0E16,XA-VSI,22.8554,-99.3987,35000.0
2026-03-16 20:48:02,A49F89,N39728,23.1362,-99.1913,38000.0
2026-03-16 20:48:02,A6D00B,N538VL,18.8170,-99.0615,33825.0
2026-03-16 20:48:02,0D0C02,XA-VIU,17.5514,-98.3153,33000.0
2026-03-16 20:48:02,A66AC3,N512VL,19.3535,-98.2222,25125.0
2026-03-16 20:48:02,0D0DD1,XA-DAP,19.2484,-97.6668,32450.0
2026-03-16 20:48:02,4D247D,9H-SWB,19.6904,-97.5644,26900.0
2026-03-16 20:48:02,0D11E6,XA-VXX,19.1750,-97.2283,31425.0
2026-03-16 20:48:02,0D083B,XA-GAH,20.1729,-97.0832,26550.0
2026-03-16 20:48:02,0D0E2B,XA-VXA,19.4932,-97.0366,33050.0
2026-03-16 20:48:02,A19A47,N202JP,20.3002,-96.9421,38000.0
2026-03-16 20:48:02,0D06A7,XA-ACE,19.2866,-96.3635,37350.0
2026-03-16 20:48:02,0D0DE2,XA-JSO,19.1192,-96.1929,150.0
2026-03-16 20:48:02,346206,EC-NCK,17.0220,-95.9799,39000.0
2026-03-16 20:48:02,0D1146,XA-VMB,19.1607,-95.4554,37000.0
2026-03-16 20:48:33,0D04DF,XA-JAC,19.3137,-99.4297,30375.0
2026-03-16 20:48:33,0D0E16,XA-VSI,22.9231,-99.3584,35000.0
2026-03-16 20:48:33,A49F89,N39728,23.0828,-99.2129,38000.0
2026-03-16 20:48:33,A6D00B,N538VL,18.8277,-99.1131,34000.0
2026-03-16 20:48:33,AA104E,N748AM,22.3370,-98.9754,38975.0
2026-03-16 20:48:33,A66AC3,N512VL,19.3289,-98.1666,26325.0
2026-03-16 20:48:33,0D0DD1,XA-DAP,19.2642,-97.6006,32975.0
2026-03-16 20:48:33,4D247D,9H-SWB,19.7054,-97.4988,27425.0
2026-03-16 20:48:33,0D11E6,XA-VXX,19.1627,-97.1564,32050.0
2026-03-16 20:48:33,0D083B,XA-GAH,20.1696,-97.1394,27525.0
2026-03-16 20:48:33,A19A47,N202JP,20.2791,-96.9907,38000.0
2026-03-16 20:48:33,0D0E2B,XA-VXA,19.5173,-96.9686,33600.0
2026-03-16 20:48:33,0D06A7,XA-ACE,19.2874,-96.2846,37700.0
2026-03-16 20:48:33,0D0DE2,XA-JSO,19.1244,-96.1919,75.0
2026-03-16 20:48:33,346206,EC-NCK,16.9248,-95.8621,39000.0
2026-03-16 20:48:33,0D1146,XA-VMB,19.1042,-95.4135,37000.0
2026-03-16 20:49:02,0D04DF,XA-JAC,19.3137,-99.4297,30375.0
2026-03-16 20:49:02,0D0E16,XA-VSI,22.9795,-99.3247,35000.0
2026-03-16 20:49:02,A49F89,N39728,23.0294,-99.2344,38000.0
2026-03-16 20:49:02,A6D00B,N538VL,18.8447,-99.1660,34000.0
2026-03-16 20:49:02,AA104E,N748AM,22.4091,-98.9717,38975.0
2026-03-16 20:49:02,A66AC3,N512VL,19.3088,-98.1080,26650.0
2026-03-16 20:49:02,0D0DD1,XA-DAP,19.2827,-97.5349,33500.0
2026-03-16 20:49:02,4D247D,9H-SWB,19.7206,-97.4313,27625.0
2026-03-16 20:49:02,0D083B,XA-GAH,20.1663,-97.1967,28000.0
2026-03-16 20:49:02,0D11E6,XA-VXX,19.1506,-97.0860,32525.0
2026-03-16 20:49:02,A19A47,N202JP,20.2583,-97.0393,38000.0
2026-03-16 20:49:02,0D0E2B,XA-VXA,19.5414,-96.9001,34150.0
2026-03-16 20:49:02,0D06A7,XA-ACE,19.2881,-96.2064,38000.0
2026-03-16 20:49:02,0D0DE2,XA-JSO,19.1244,-96.1919,75.0
2026-03-16 20:49:02,346206,EC-NCK,16.9248,-95.8621,39000.0
2026-03-16 20:49:02,0D1146,XA-VMB,19.0475,-95.3714,37025.0
2026-03-16 20:49:02,ABE52D,N866AM,20.7500,-94.9435,34000.0
2026-03-16 20:49:34,0D0E16,XA-VSI,23.0395,-99.2889,35000.0
2026-03-16 20:49:34,A49F89,N39728,22.9734,-99.2571,38000.0
2026-03-16 20:49:34,A6D00B,N538VL,18.8638,-99.2201,34000.0
2026-03-16 20:49:34,AA104E,N748AM,22.4828,-98.9679,39000.0
2026-03-16 20:49:34,A66AC3,N512VL,19.2919,-98.0423,27825.0
2026-03-16 20:49:34,0D0BCE,XA-BBB,17.9555,-97.5218,34000.0
2026-03-16 20:49:34,0D0DD1,XA-DAP,19.3026,-97.4633,34050.0
2026-03-16 20:49:34,4D247D,9H-SWB,19.7376,-97.3565,27925.0
2026-03-16 20:49:34,0D083B,XA-GAH,20.1628,-97.2574,28000.0
2026-03-16 20:49:34,A19A47,N202JP,20.2358,-97.0918,38000.0
2026-03-16 20:49:34,0D11E6,XA-VXX,19.1370,-97.0074,32925.0
2026-03-16 20:49:34,0D0E2B,XA-VXA,19.5673,-96.8263,34450.0
2026-03-16 20:49:34,0D06A7,XA-ACE,19.2888,-96.1237,38500.0
2026-03-16 20:49:34,0D1146,XA-VMB,18.9886,-95.3276,37000.0
2026-03-16 20:49:34,ABE52D,N866AM,20.7434,-95.0085,34000.0
2026-03-16 20:50:03,A49F89,N39728,22.9250,-99.2768,38000.0
2026-03-16 20:50:03,A6D00B,N538VL,18.8804,-99.2681,34000.0
2026-03-16 20:50:03,0D0E16,XA-VSI,23.0920,-99.2575,35025.0
2026-03-16 20:50:03,AA104E,N748AM,22.5472,-98.9645,38975.0
2026-03-16 20:50:03,A66AC3,N512VL,19.2772,-97.9857,28325.0
2026-03-16 20:50:03,0D0BCE,XA-BBB,17.9918,-97.5629,34000.0
2026-03-16 20:50:03,0D0DD1,XA-DAP,19.3204,-97.3995,34500.0
2026-03-16 20:50:03,0D083B,XA-GAH,20.1598,-97.3100,28000.0
2026-03-16 20:50:03,4D247D,9H-SWB,19.7526,-97.2904,28825.0
2026-03-16 20:50:03,A19A47,N202JP,20.2161,-97.1374,38000.0
2026-03-16 20:50:03,0D11E6,XA-VXX,19.1251,-96.9382,33500.0
2026-03-16 20:50:03,0D0E2B,XA-VXA,19.5901,-96.7617,34725.0
2026-03-16 20:50:03,0D06A7,XA-ACE,19.2894,-96.0502,38950.0
2026-03-16 20:50:03,0D1146,XA-VMB,18.9367,-95.2847,37000.0
2026-03-16 20:50:03,ABE52D,N866AM,20.7334,-95.0635,34000.0
2026-03-16 20:50:33,A6D00B,N538VL,18.8983,-99.3195,34000.0
2026-03-16 20:50:33,A49F89,N39728,22.8706,-99.2987,38000.0
2026-03-16 20:50:33,0D0E16,XA-VSI,23.1467,-99.2248,35025.0
2026-03-16 20:50:33,AA104E,N748AM,22.6151,-98.9610,38975.0
2026-03-16 20:50:33,A66AC3,N512VL,19.2610,-97.9229,28625.0
2026-03-16 20:50:33,0D0BCE,XA-BBB,18.0310,-97.6074,34000.0
2026-03-16 20:50:33,0D083B,XA-GAH,20.1565,-97.3658,28000.0
2026-03-16 20:50:33,0D0DD1,XA-DAP,19.3392,-97.3315,34750.0
2026-03-16 20:50:33,4D247D,9H-SWB,19.7684,-97.2206,29550.0
2026-03-16 20:50:33,A19A47,N202JP,20.1953,-97.1862,38000.0
2026-03-16 20:50:33,0D11E6,XA-VXX,19.1123,-96.8651,34025.0
2026-03-16 20:50:33,0D0E2B,XA-VXA,19.6147,-96.6915,34975.0
2026-03-16 20:50:33,0D06A7,XA-ACE,19.2900,-95.9734,39000.0
2026-03-16 20:50:33,0D1146,XA-VMB,18.8930,-95.2256,37000.0
2026-03-16 20:50:33,ABE52D,N866AM,20.7221,-95.1249,34000.0
2026-03-16 20:51:02,A6D00B,N538VL,18.9159,-99.3706,34000.0
2026-03-16 20:51:02,A49F89,N39728,22.8187,-99.3196,38000.0
2026-03-16 20:51:02,0D0E16,XA-VSI,23.2041,-99.1905,35025.0
2026-03-16 20:51:02,AA104E,N748AM,22.6839,-98.9575,39000.0
2026-03-16 20:51:02,A66AC3,N512VL,19.2438,-97.8567,28750.0
2026-03-16 20:51:02,0D0BCE,XA-BBB,18.0698,-97.6514,34000.0
2026-03-16 20:51:02,0D083B,XA-GAH,20.1532,-97.4220,28000.0
2026-03-16 20:51:02,0D0DD1,XA-DAP,19.3592,-97.2598,34800.0
2026-03-16 20:51:02,A19A47,N202JP,20.1748,-97.2349,38000.0
2026-03-16 20:51:02,4D247D,9H-SWB,19.7843,-97.1498,30175.0
2026-03-16 20:51:02,0D11E6,XA-VXX,19.0995,-96.7921,34500.0
2026-03-16 20:51:02,0D0E2B,XA-VXA,19.6390,-96.6220,35000.0
2026-03-16 20:51:02,0D06A7,XA-ACE,19.2906,-95.8934,39000.0
2026-03-16 20:51:02,ABE52D,N866AM,20.7111,-95.1849,34000.0
2026-03-16 20:51:02,0D1146,XA-VMB,18.8636,-95.1560,37000.0
2026-03-16 20:51:33,A6D00B,N538VL,18.9334,-99.4212,33975.0
2026-03-16 20:51:33,A49F89,N39728,22.7656,-99.3411,38000.0
2026-03-16 20:51:33,0D0E16,XA-VSI,23.2599,-99.1569,35000.0
2026-03-16 20:51:33,AA104E,N748AM,22.7408,-98.9545,38975.0
2026-03-16 20:51:33,A66AC3,N512VL,19.2264,-97.7894,29150.0
2026-03-16 20:51:33,0D0BCE,XA-BBB,18.1087,-97.6956,34000.0
2026-03-16 20:51:33,0D083B,XA-GAH,20.1500,-97.4762,28000.0
2026-03-16 20:51:33,A19A47,N202JP,20.1544,-97.2836,38000.0
2026-03-16 20:51:33,0D0DD1,XA-DAP,19.3792,-97.1881,35175.0
2026-03-16 20:51:33,4D247D,9H-SWB,19.8006,-97.0774,30775.0
2026-03-16 20:51:33,0D11E6,XA-VXX,19.0869,-96.7195,34825.0
2026-03-16 20:51:33,0D0E2B,XA-VXA,19.6640,-96.5504,35000.0
2026-03-16 20:51:33,0D06A7,XA-ACE,19.2911,-95.8144,39000.0
2026-03-16 20:51:33,ABE52D,N866AM,20.7000,-95.2451,34000.0
2026-03-16 20:51:33,0D1146,XA-VMB,18.8358,-95.0854,37000.0
2026-03-16 20:52:02,A6D00B,N538VL,18.9503,-99.4702,33950.0
2026-03-16 20:52:02,A49F89,N39728,22.7133,-99.3625,38000.0
2026-03-16 20:52:02,0D0E16,XA-VSI,23.3155,-99.1237,35000.0
2026-03-16 20:52:02,AA104E,N748AM,22.8217,-98.9502,39000.0
2026-03-16 20:52:02,0D0BCE,XA-BBB,18.1469,-97.7390,34000.0
2026-03-16 20:52:02,A66AC3,N512VL,19.2085,-97.7205,29725.0
2026-03-16 20:52:02,0D083B,XA-GAH,20.1465,-97.5339,28000.0
2026-03-16 20:52:02,A19A47,N202JP,20.1339,-97.3324,38000.0
2026-03-16 20:52:02,0D0DD1,XA-DAP,19.3994,-97.1151,35375.0
2026-03-16 20:52:02,4D247D,9H-SWB,19.8164,-97.0064,31400.0
2026-03-16 20:52:02,0D11E6,XA-VXX,19.0739,-96.6449,35000.0
2026-03-16 20:52:02,0D0E2B,XA-VXA,19.6892,-96.4784,35000.0
2026-03-16 20:52:02,0D06A7,XA-ACE,19.2916,-95.7350,39000.0
2026-03-16 20:52:02,ABE52D,N866AM,20.6888,-95.3052,34000.0
2026-03-16 20:52:02,0D1146,XA-VMB,18.8084,-95.0154,37000.0
2026-03-16 20:52:02,0D0B35,XA-VRF,20.7499,-94.9443,37975.0
2026-03-16 20:52:32,A6D00B,N538VL,18.9684,-99.5224,33950.0
2026-03-16 20:52:32,A49F89,N39728,22.6809,-99.3757,38000.0
2026-03-16 20:52:32,0D0E16,XA-VSI,23.3733,-99.0950,35000.0
2026-03-16 20:52:32,AA104E,N748AM,22.8893,-98.9467,39000.0
2026-03-16 20:52:32,0D0BCE,XA-BBB,18.1857,-97.7831,34000.0
2026-03-16 20:52:32,A66AC3,N512VL,19.1905,-97.6515,30300.0
2026-03-16 20:52:32,0D083B,XA-GAH,20.1432,-97.5894,28000.0
2026-03-16 20:52:32,A19A47,N202JP,20.1138,-97.3810,38000.0
2026-03-16 20:52:32,0D0DD1,XA-DAP,19.4199,-97.0411,35575.0
2026-03-16 20:52:32,4D247D,9H-SWB,19.8324,-96.9343,32100.0
2026-03-16 20:52:32,0D11E6,XA-VXX,19.0613,-96.5734,35000.0
2026-03-16 20:52:32,0D0E2B,XA-VXA,19.7144,-96.4063,35000.0
2026-03-16 20:52:32,0D06A7,XA-ACE,19.2921,-95.6562,39000.0
2026-03-16 20:52:32,ABE52D,N866AM,20.6777,-95.3647,34000.0
2026-03-16 20:52:32,0D0E90,XA-OVA,21.1721,-95.1013,43000.0
2026-03-16 20:52:32,0D0B35,XA-VRF,20.7448,-94.9987,37975.0
2026-03-16 20:52:32,0D1146,XA-VMB,18.7806,-94.9449,37000.0
2026-03-16 20:53:02,A6D00B,N538VL,18.9854,-99.5718,34000.0
2026-03-16 20:53:02,0D0939,XA-VAN,19.6441,-99.4177,36975.0
2026-03-16 20:53:02,A49F89,N39728,22.6809,-99.3757,38000.0
2026-03-16 20:53:02,0D0E16,XA-VSI,23.4317,-99.0714,35025.0
2026-03-16 20:53:02,AA104E,N748AM,22.9566,-98.9431,38975.0
2026-03-16 20:53:02,0D0BCE,XA-BBB,18.2249,-97.8278,34000.0
2026-03-16 20:53:02,0D083B,XA-GAH,20.1399,-97.6452,28000.0
2026-03-16 20:53:02,A66AC3,N512VL,19.1724,-97.5822,31025.0
2026-03-16 20:53:02,A19A47,N202JP,20.0936,-97.4297,38000.0
2026-03-16 20:53:02,0D0DD1,XA-DAP,19.4411,-96.9644,35850.0
2026-03-16 20:53:02,4D247D,9H-SWB,19.8483,-96.8623,32750.0
2026-03-16 20:53:02,0D11E6,XA-VXX,19.0486,-96.5006,35000.0
2026-03-16 20:53:02,0D0E2B,XA-VXA,19.7394,-96.3345,35000.0
2026-03-16 20:53:02,0D06A7,XA-ACE,19.2926,-95.5772,39000.0
2026-03-16 20:53:02,ABE52D,N866AM,20.6664,-95.4261,34000.0
2026-03-16 20:53:02,0D0E90,XA-OVA,21.1493,-95.1620,43000.0
2026-03-16 20:53:02,0D0B35,XA-VRF,20.7352,-95.0534,38000.0
2026-03-16 20:53:02,0D1146,XA-VMB,18.7529,-94.8746,37025.0
2026-03-17 00:07:41,0D0810,XA-GAG,19.3587,-99.8453,22000.0
2026-03-17 00:07:41,0C4355,HI1101,19.9522,-97.6669,26950.0
2026-03-17 00:07:41,0D0E5A,XA-VXE,20.3304,-96.8574,34000.0
2026-03-17 00:07:41,0D0E2B,XA-VXA,20.4727,-96.1276,34000.0
2026-03-17 00:08:10,0D0810,XA-GAG,19.3576,-99.8782,22000.0
2026-03-17 00:08:10,0C4355,HI1101,19.9680,-97.5974,27550.0
2026-03-17 00:08:10,0D0E5A,XA-VXE,20.3175,-96.9135,34000.0
2026-03-17 00:08:10,0D0E2B,XA-VXA,20.4605,-96.1847,34000.0
2026-03-17 00:08:40,0D0810,XA-GAG,19.3560,-99.9291,22000.0
2026-03-17 00:08:40,0C4355,HI1101,19.9843,-97.5259,28150.0
2026-03-17 00:08:40,0D0E5A,XA-VXE,20.3046,-96.9699,34000.0
2026-03-17 00:08:40,0D0E2B,XA-VXA,20.4481,-96.2425,34000.0
2026-03-17 00:09:10,0D0810,XA-GAG,19.3550,-99.9591,22000.0
2026-03-17 00:09:10,0C4355,HI1101,20.0002,-97.4556,28850.0
2026-03-17 00:09:10,0D0E5A,XA-VXE,20.2917,-97.0259,33975.0
2026-03-17 00:09:10,0D0E2B,XA-VXA,20.4358,-96.3002,34000.0
2026-03-17 00:09:40,0D0810,XA-GAG,19.3531,-100.0143,22000.0
2026-03-17 00:09:40,0C4355,HI1101,20.0166,-97.3825,29475.0
2026-03-17 00:09:40,0D0E5A,XA-VXE,20.2787,-97.0825,33975.0
2026-03-17 00:09:40,0D0E2B,XA-VXA,20.4234,-96.3585,34025.0
2026-03-17 00:10:10,0D0810,XA-GAG,19.3528,-100.0243,22000.0
2026-03-17 00:10:10,0C4355,HI1101,20.0329,-97.3099,29900.0
2026-03-17 00:10:10,0D0E5A,XA-VXE,20.2656,-97.1390,33975.0
2026-03-17 00:10:10,0D0E2B,XA-VXA,20.4109,-96.4168,34025.0
2026-03-17 00:10:40,0D0810,XA-GAG,19.3528,-100.0243,22000.0
2026-03-17 00:10:40,0C4355,HI1101,20.0495,-97.2360,30300.0
2026-03-17 00:10:40,0D0E5A,XA-VXE,20.2526,-97.1951,34000.0
2026-03-17 00:10:40,0D0E2B,XA-VXA,20.3984,-96.4747,34025.0
2026-03-17 00:11:10,0D0E5A,XA-VXE,20.2396,-97.2516,34025.0
2026-03-17 00:11:10,0C4355,HI1101,20.0655,-97.1612,30775.0
2026-03-17 00:11:10,0D0E2B,XA-VXA,20.3858,-96.5326,34000.0
2026-03-17 00:11:40,0D0E5A,XA-VXE,20.2267,-97.3074,34025.0
2026-03-17 00:11:40,0C4355,HI1101,20.0749,-97.0854,31525.0
2026-03-17 00:11:40,0D0E2B,XA-VXA,20.3733,-96.5909,33975.0
2026-03-17 00:27:20,0D0B4A,XA-VCI,22.8568,-98.9485,37000.0
2026-03-17 00:27:20,A6C12F,N534VL,17.7370,-96.9495,28025.0
2026-03-17 00:27:20,0D0E46,XA-VST,17.6404,-95.6587,34000.0
2026-03-17 00:27:29,0D0B4A,XA-VCI,22.8753,-98.9476,37000.0
2026-03-17 00:27:29,A6C12F,N534VL,17.7370,-96.9495,28025.0
2026-03-17 00:27:29,0D0E46,XA-VST,17.6472,-95.6752,34000.0
2026-03-17 00:27:59,0D0B4A,XA-VCI,22.9367,-98.9443,37000.0
2026-03-17 00:27:59,A6C12F,N534VL,17.7776,-97.0060,28025.0
2026-03-17 00:27:59,0D0E46,XA-VST,17.6678,-95.7253,34000.0
2026-03-17 00:28:29,0D0B4A,XA-VCI,22.9963,-98.9412,37000.0
2026-03-17 00:28:29,A6C12F,N534VL,17.7776,-97.0060,28025.0
2026-03-17 00:28:29,0D0E46,XA-VST,17.6881,-95.7749,34000.0
2026-03-17 00:28:59,0D0B4A,XA-VCI,23.0546,-98.9382,37000.0
2026-03-17 00:28:59,0D0E46,XA-VST,17.7088,-95.8251,34000.0
2026-03-17 00:29:29,0D0B4A,XA-VCI,23.1152,-98.9350,37000.0
2026-03-17 00:29:29,0D0E46,XA-VST,17.7294,-95.8749,33975.0
2026-03-17 00:29:59,0D0B4A,XA-VCI,23.1748,-98.9320,37025.0
2026-03-17 00:29:59,0D0E46,XA-VST,17.7495,-95.9242,33975.0
2026-03-17 00:30:29,0D0B4A,XA-VCI,23.2346,-98.9308,37000.0
2026-03-17 00:30:29,0D0E46,XA-VST,17.7702,-95.9744,33975.0
2026-03-17 00:30:59,0D0B4A,XA-VCI,23.2906,-98.9448,37000.0
2026-03-17 00:30:59,0D0E46,XA-VST,17.7906,-96.0244,34000.0
2026-03-17 00:31:29,0D0B4A,XA-VCI,23.3440,-98.9655,37000.0
2026-03-17 00:31:29,0D0E46,XA-VST,17.8115,-96.0754,34025.0
2026-03-17 00:31:59,0D0B4A,XA-VCI,23.3966,-98.9858,37000.0
2026-03-17 00:31:59,A6C12F,N534VL,18.0465,-97.3827,28000.0
2026-03-17 00:31:59,0D0E46,XA-VST,17.8318,-96.1250,34050.0
2026-03-17 00:32:29,0D0B4A,XA-VCI,23.4490,-99.0059,37000.0
2026-03-17 00:32:29,A6C12F,N534VL,18.0888,-97.4421,28000.0
2026-03-17 00:32:29,0D0E46,XA-VST,17.8526,-96.1759,34050.0
2026-03-17 00:32:59,0D0B4A,XA-VCI,23.5027,-99.0264,37000.0
2026-03-17 00:32:59,A6C12F,N534VL,18.1218,-97.4887,27975.0
2026-03-17 00:32:59,0D0E46,XA-VST,17.8731,-96.2265,34050.0
2026-03-17 00:33:29,0D0B4A,XA-VCI,23.5551,-99.0465,37000.0
2026-03-17 00:33:29,A6C12F,N534VL,18.1544,-97.5345,27975.0
2026-03-17 00:33:29,0D0E46,XA-VST,17.8937,-96.2767,34050.0
2026-03-17 00:33:59,A6C12F,N534VL,18.1873,-97.5808,27975.0
2026-03-17 00:33:59,0D0E46,XA-VST,17.9141,-96.3269,34000.0
2026-03-17 00:34:29,A6C12F,N534VL,18.2197,-97.6264,27975.0
2026-03-17 00:34:29,0D0E46,XA-VST,17.9347,-96.3772,33975.0
2026-03-17 00:34:59,A6C12F,N534VL,18.2530,-97.6734,28000.0
2026-03-17 00:34:59,0D0E46,XA-VST,17.9550,-96.4275,33975.0
2026-03-17 00:35:29,A6C12F,N534VL,18.2853,-97.7189,28000.0
2026-03-17 00:35:29,0D0E46,XA-VST,17.9753,-96.4774,34000.0
2026-03-17 00:50:17,AC4917,N891AM,18.1463,-99.0376,28000.0
2026-03-17 00:50:17,0D0E46,XA-VST,18.5803,-97.9849,33825.0
2026-03-17 00:50:17,0D1158,XA-VXV,18.0468,-96.6533,34025.0
2026-03-17 00:50:38,AC4917,N891AM,18.1033,-99.0550,28000.0
2026-03-17 00:50:38,0D0E46,XA-VST,18.5972,-98.0278,32200.0
2026-03-17 00:50:38,0D1158,XA-VXV,18.0634,-96.6940,34050.0
